timestamp,best_bid,best_ask,low_price,high_price,buy_volume,sell_volume
1640048314619,1.2367,1.2368,1.2366,1.2368,7167,219
1640048315679,1.2367,1.2368,1.2367,1.2368,307,63
1640048316756,1.2367,1.2368,0.0,0.0,0,0
1640048317839,1.2367,1.2368,1.2366,1.2368,1197,1170
1640048318906,1.2371,1.2372,1.2368,1.2371,15756,0
1640048319917,1.2372,1.2374,1.2372,1.2373,3655,629
1640048320939,1.2373,1.2374,1.2372,1.2375,814,1781
1640048321982,1.2372,1.2373,1.2373,1.2373,0,1320
1640048323048,1.2372,1.2373,0.0,0.0,0,0
1640048324142,1.2372,1.2373,1.2372,1.2372,0,33
1640048325185,1.2371,1.2372,1.2372,1.2372,0,526
1640048326232,1.2371,1.2372,0.0,0.0,0,0
1640048327310,1.2371,1.2372,0.0,0.0,0,0
1640048328369,1.2371,1.2372,1.2372,1.2372,18,0
1640048329432,1.2371,1.2372,0.0,0.0,0,0
1640048330502,1.2371,1.2372,1.2372,1.2372,19,0
1640048331595,1.2371,1.2372,1.2372,1.2372,496,0
1640048332618,1.2371,1.2372,0.0,0.0,0,0
1640048333661,1.2371,1.2372,1.2371,1.2371,0,32
1640048334715,1.2371,1.2372,0.0,0.0,0,0
1640048335739,1.2371,1.2372,1.2372,1.2372,59,0
1640048336756,1.2371,1.2372,0.0,0.0,0,0
1640048337766,1.2371,1.2372,1.2372,1.2372,11,0
1640048338823,1.2371,1.2372,1.2372,1.2372,29,0
1640048339858,1.2367,1.2368,1.2367,1.2371,172,1940
1640048340886,1.2369,1.2371,1.2368,1.2369,1852,0
1640048341948,1.237,1.2371,1.2369,1.2371,22,146
1640048343043,1.237,1.2371,0.0,0.0,0,0
1640048344074,1.237,1.2371,0.0,0.0,0,0
1640048345157,1.2369,1.237,1.2368,1.237,0,8212
1640048346244,1.2369,1.2371,1.237,1.2372,2000,534
1640048347362,1.237,1.2371,1.2371,1.2371,10,0
1640048348379,1.237,1.2371,0.0,0.0,0,0
1640048349412,1.2371,1.2372,1.2371,1.2372,2000,0
1640048350443,1.2371,1.2372,1.2371,1.2371,0,5
1640048351467,1.2372,1.2373,1.2371,1.2372,1081,5
1640048352579,1.2372,1.2373,0.0,0.0,0,0
1640048353648,1.2372,1.2373,0.0,0.0,0,0
1640048354679,1.2374,1.2375,1.2373,1.2374,0,19
1640048355765,1.2374,1.2375,1.2374,1.2375,153,17
1640048356788,1.2373,1.2374,1.2374,1.2374,37,919
1640048357830,1.2373,1.2374,1.2373,1.2374,80,1
1640048358863,1.2373,1.2374,0.0,0.0,0,0
1640048359863,1.2373,1.2374,1.2373,1.2373,0,10
1640048360915,1.2373,1.2374,1.2373,1.2373,0,8
1640048362002,1.2373,1.2374,1.2373,1.2373,0,6
1640048363070,1.2373,1.2374,1.2371,1.2373,0,1701
1640048364098,1.2372,1.2373,0.0,0.0,0,0
1640048365117,1.2372,1.2373,0.0,0.0,0,0
1640048366139,1.2372,1.2373,1.2372,1.2372,0,5
1640048367192,1.2372,1.2373,0.0,0.0,0,0
1640048368274,1.2372,1.2373,0.0,0.0,0,0
1640048369353,1.2372,1.2373,0.0,0.0,0,0
1640048370420,1.2371,1.2372,1.237,1.2372,0,16781
1640048371454,1.237,1.2371,1.2371,1.2371,5,0
1640048372476,1.237,1.2371,0.0,0.0,0,0
1640048373523,1.2369,1.237,1.237,1.237,0,15723
1640048374612,1.2369,1.237,1.2369,1.2369,0,5
1640048375709,1.2363,1.2364,1.2364,1.2369,0,19987
1640048376752,1.2364,1.2365,1.2364,1.2365,1049,0
1640048377795,1.2366,1.2367,1.2365,1.2366,431,0
1640048378828,1.2367,1.2368,1.2368,1.2369,22,13
1640048379886,1.2369,1.237,1.2367,1.2369,88,800
1640048380940,1.2367,1.2368,0.0,0.0,0,0
1640048381963,1.237,1.2371,1.2368,1.237,3126,400
1640048382973,1.2373,1.2374,1.2371,1.2373,1781,68
1640048384092,1.2373,1.2374,0.0,0.0,0,0
1640048385127,1.2375,1.2376,1.2374,1.2375,342,0
1640048386186,1.2375,1.2376,0.0,0.0,0,0
1640048387320,1.2375,1.2376,1.2375,1.2376,13,192
1640048388360,1.2374,1.2375,1.2373,1.2376,246,648
1640048389423,1.2375,1.2376,1.2376,1.2376,13,0
1640048390511,1.2372,1.2373,1.2373,1.2375,0,2523
1640048391568,1.2373,1.2374,1.2373,1.2373,117,0
1640048392603,1.2373,1.2375,1.2373,1.2375,733,659
1640048393709,1.2373,1.2374,1.2374,1.2374,14,0
1640048394714,1.2373,1.2374,1.2372,1.2373,0,1090
1640048395751,1.2373,1.2374,0.0,0.0,0,0
1640048396817,1.2373,1.2374,0.0,0.0,0,0
1640048397870,1.2373,1.2374,1.2373,1.2373,0,5
1640048398885,1.2373,1.2374,1.2374,1.2374,50,0
1640048399952,1.2373,1.2374,0.0,0.0,0,0
1640048400992,1.2373,1.2374,0.0,0.0,0,0
1640048402042,1.2373,1.2374,1.2374,1.2374,742,0
1640048403058,1.2373,1.2375,1.2376,1.2377,462,528
1640048404089,1.2374,1.2377,1.2373,1.2375,42,2678
1640048405150,1.2374,1.2377,1.2377,1.2377,723,0
1640048406153,1.2378,1.238,1.2377,1.2379,2391,604
1640048407180,1.2378,1.2379,1.2378,1.2379,50,479
1640048408207,1.2377,1.2379,1.2376,1.238,421,6151
1640048409229,1.2377,1.2379,1.2377,1.2379,442,1056
1640048410300,1.2377,1.2378,1.2377,1.2378,80,61
1640048411395,1.238,1.2382,1.2378,1.2381,14250,7547
1640048412398,1.238,1.2381,1.2379,1.2381,145,734
1640048413421,1.2381,1.2382,1.2381,1.2382,385,0
1640048414491,1.2381,1.2382,0.0,0.0,0,0
1640048415528,1.238,1.2382,1.238,1.2382,290,868
1640048416566,1.238,1.2381,1.2381,1.2381,24,16
1640048417629,1.238,1.2381,1.2381,1.2381,140,0
1640048418699,1.2382,1.2383,1.238,1.2382,818,499
1640048419783,1.2382,1.2383,1.2383,1.2383,206,0
1640048420843,1.238,1.2381,1.2381,1.2382,0,38
1640048421890,1.2375,1.2376,1.2376,1.238,118,8061
1640048422916,1.2375,1.2376,1.2375,1.2375,0,177
1640048423979,1.2375,1.2376,1.2376,1.2376,14,0
1640048425001,1.2372,1.2373,1.2375,1.2375,0,38
1640048426038,1.2375,1.2376,1.2373,1.2375,866,185
1640048427067,1.2374,1.2375,0.0,0.0,0,0
1640048428121,1.2374,1.2375,0.0,0.0,0,0
1640048429197,1.2374,1.2375,1.2374,1.2374,0,79
1640048430293,1.2372,1.2373,1.2373,1.2375,149,342
1640048431354,1.2372,1.2373,0.0,0.0,0,0
1640048432377,1.2372,1.2373,1.2373,1.2373,62,0
1640048433459,1.2372,1.2373,0.0,0.0,0,0
1640048434514,1.2374,1.2375,1.2373,1.2375,180,3157
1640048435581,1.2374,1.2375,1.2375,1.2375,7015,0
1640048436619,1.2373,1.2374,1.2374,1.2375,67,133
1640048437682,1.2376,1.2377,1.2374,1.2376,3589,0
1640048438785,1.2376,1.2377,0.0,0.0,0,0
1640048439812,1.2376,1.2377,0.0,0.0,0,0
1640048440906,1.2376,1.2377,1.2376,1.2376,0,5
1640048442017,1.2376,1.2377,1.2376,1.2377,9661,5
1640048443066,1.2374,1.2375,1.2374,1.2376,0,530
1640048444162,1.2374,1.2376,1.2374,1.2376,818,421
1640048445267,1.2374,1.2376,0.0,0.0,0,0
1640048446283,1.2374,1.2375,1.2375,1.2375,22,0
1640048447325,1.2382,1.2385,1.2375,1.2385,111447,0
1640048448343,1.2386,1.2388,1.2385,1.2389,24671,2156
1640048449347,1.239,1.2391,1.2389,1.2392,20794,400
1640048450359,1.2392,1.2396,1.2392,1.2397,28035,3690
1640048451366,1.2393,1.2394,1.2392,1.2393,0,9730
1640048452389,1.2392,1.2393,1.2393,1.2394,191,3117
1640048453401,1.2391,1.2393,1.239,1.2395,1065,975
1640048454418,1.2394,1.2395,1.2394,1.2395,222,38
1640048455436,1.2395,1.2396,1.2394,1.2397,4431,118
1640048456453,1.2395,1.2397,1.2394,1.2397,2059,3159
1640048457549,1.2398,1.2399,1.2397,1.2399,8785,0
1640048458565,1.2396,1.2397,1.2397,1.2399,750,5254
1640048459586,1.2398,1.24,1.2397,1.24,679,1965
1640048460636,1.2398,1.2399,1.2397,1.2399,13,766
1640048461693,1.2398,1.2399,1.2399,1.2399,20,0
1640048462693,1.2398,1.2399,1.2398,1.2398,0,243
1640048463744,1.2398,1.2399,1.2397,1.2399,1226,200
1640048464757,1.24,1.2402,1.24,1.2402,10236,4817
1640048465768,1.24,1.2401,1.24,1.2403,44,77
1640048466839,1.2399,1.24,1.24,1.24,0,677
1640048467899,1.2399,1.24,1.24,1.24,19,0
1640048468901,1.2397,1.2399,1.2397,1.24,124,28740
1640048469917,1.2395,1.2396,1.2396,1.2397,0,1945
1640048470972,1.2395,1.2398,1.2396,1.2398,3464,0
1640048472040,1.2396,1.2398,1.2397,1.2398,6,0
1640048473101,1.2396,1.2397,1.2395,1.2396,0,80
1640048474130,1.2396,1.2397,0.0,0.0,0,0
1640048475203,1.2395,1.2396,1.2395,1.2396,0,525
1640048476231,1.2398,1.2399,1.2395,1.2401,20244,123
1640048477277,1.24,1.2401,1.2398,1.2401,472,1047
1640048478305,1.2401,1.2402,1.2401,1.2401,74,0
1640048479404,1.24,1.2401,1.2401,1.2402,130,1241
1640048480458,1.2397,1.24,1.2399,1.24,0,5598
1640048481506,1.2398,1.2399,0.0,0.0,0,0
1640048482570,1.2398,1.2399,0.0,0.0,0,0
1640048483631,1.2393,1.2395,1.2394,1.2398,12,54673
1640048484645,1.2393,1.2395,1.2393,1.2394,1445,327
1640048485742,1.2391,1.2392,1.2392,1.2394,248,21491
1640048486763,1.2392,1.2393,1.2391,1.2394,1206,764
1640048487805,1.2394,1.2395,1.2393,1.2395,291,0
1640048488913,1.2393,1.2394,1.2394,1.2395,21,455
1640048489977,1.2392,1.2394,1.2392,1.2396,4033,7015
1640048491047,1.2393,1.2394,1.2393,1.2394,65,5
1640048492115,1.2393,1.2394,1.2394,1.2394,49,0
1640048493140,1.2393,1.2394,1.2394,1.2394,738,0
1640048494177,1.239,1.2391,1.2391,1.2394,3949,2032
1640048495209,1.239,1.2391,1.2391,1.2391,5,449
1640048496254,1.239,1.2391,1.239,1.2392,0,817
1640048497299,1.239,1.2391,0.0,0.0,0,0
1640048498355,1.239,1.2391,0.0,0.0,0,0
1640048499409,1.2391,1.2392,0.0,0.0,0,0
1640048500417,1.2392,1.2393,1.2391,1.2393,6581,25
1640048501518,1.2392,1.2393,0.0,0.0,0,0
1640048502593,1.2392,1.2393,0.0,0.0,0,0
1640048503638,1.2392,1.2393,1.2392,1.2392,0,3
1640048504687,1.2392,1.2393,1.2392,1.2392,0,44
1640048505729,1.2389,1.239,1.239,1.2393,17,1579
1640048506806,1.2389,1.239,0.0,0.0,0,0
1640048507845,1.2387,1.2388,1.2388,1.2389,0,7431
1640048508865,1.2388,1.2391,1.2388,1.2388,72,0
1640048509866,1.239,1.2391,0.0,0.0,0,0
1640048510918,1.239,1.2391,1.239,1.2391,245,84
1640048511928,1.2391,1.2392,1.2391,1.2391,137,0
1640048512976,1.2391,1.2392,1.2392,1.2392,272,0
1640048513998,1.2392,1.2393,1.2392,1.2392,119,0
1640048515010,1.2392,1.2393,1.2392,1.2393,35,5
1640048516024,1.2392,1.2393,0.0,0.0,0,0
1640048517146,1.2392,1.2393,1.2393,1.2393,22,0
1640048518181,1.2392,1.2393,1.2392,1.2393,31,5
1640048519211,1.2392,1.2393,1.2393,1.2393,22,0
1640048520252,1.2391,1.2392,1.2392,1.2393,16,352
1640048521291,1.2391,1.2392,1.2391,1.2391,0,5
1640048522386,1.2391,1.2392,1.2392,1.2392,39,0
1640048523442,1.2389,1.239,1.2389,1.2391,0,1454
1640048524493,1.2389,1.239,1.2389,1.2389,0,10
1640048525514,1.2388,1.2389,1.2389,1.2389,10,237
1640048526515,1.2392,1.2393,1.2389,1.2392,6602,0
1640048527562,1.2392,1.2393,1.2392,1.2393,351,205
1640048528600,1.2392,1.2393,1.2391,1.2393,146,4179
1640048529675,1.2392,1.2393,1.2391,1.2392,0,135
1640048530720,1.2392,1.2393,1.2392,1.2393,33,7
1640048531733,1.2392,1.2393,1.2392,1.2392,0,62
1640048532821,1.2394,1.2395,1.239,1.2393,2007,1867
1640048533848,1.2397,1.2398,1.2395,1.2397,14178,0
1640048534866,1.2397,1.2398,1.2398,1.2399,29,0
1640048535936,1.2398,1.2399,1.2398,1.2399,481,0
1640048536937,1.2398,1.2399,1.2396,1.2399,74,933
1640048538031,1.2392,1.2393,1.2392,1.2395,0,37603
1640048539074,1.2392,1.2393,1.2392,1.2393,17,325
1640048540106,1.2395,1.2396,1.2393,1.2395,997,0
1640048541182,1.2395,1.2396,1.2396,1.2396,4,0
1640048542281,1.2395,1.2396,0.0,0.0,0,0
1640048543307,1.2395,1.2396,1.2394,1.2395,0,209
1640048544405,1.2395,1.2396,0.0,0.0,0,0
1640048545430,1.2395,1.2396,1.2395,1.2395,0,34
1640048546483,1.2393,1.2394,1.2394,1.2395,0,2262
1640048547531,1.239,1.2391,1.239,1.2393,0,6981
1640048548550,1.2389,1.2391,1.2387,1.2391,16047,14539
1640048549575,1.2391,1.2392,1.2391,1.2392,1015,6
1640048550701,1.2391,1.2392,1.2391,1.2391,0,20
1640048551758,1.2391,1.2392,1.2391,1.2391,0,19
1640048552833,1.2391,1.2392,1.2391,1.2391,0,157
1640048553904,1.2391,1.2392,1.2392,1.2392,462,0
1640048554945,1.239,1.2391,1.239,1.2391,0,761
1640048556007,1.2386,1.2388,1.2387,1.239,0,1271
1640048557043,1.2384,1.2386,1.2385,1.2386,0,3234
1640048558087,1.2384,1.2385,1.2384,1.2385,60,487
1640048559147,1.2383,1.2384,1.2383,1.2384,0,475
1640048560186,1.2381,1.2382,1.2379,1.2383,30,14525
1640048561229,1.2382,1.2383,1.2382,1.2383,32,0
1640048562270,1.2382,1.2383,0.0,0.0,0,0
1640048563351,1.2382,1.2383,1.2383,1.2383,16,0
1640048564429,1.2382,1.2383,0.0,0.0,0,0
1640048565480,1.2385,1.2386,1.2383,1.2385,793,0
1640048566501,1.2386,1.2387,0.0,0.0,0,0
1640048567520,1.2383,1.2385,1.2383,1.2386,0,1831
1640048568550,1.2384,1.2386,1.2385,1.2385,21,0
1640048569603,1.2385,1.2386,1.2386,1.2386,22,0
1640048570655,1.2385,1.2386,1.2385,1.2385,0,31
1640048571679,1.2385,1.2386,0.0,0.0,0,0
1640048572694,1.2385,1.2386,1.2386,1.2386,31,0
1640048573860,1.2385,1.2386,1.2385,1.2385,0,6
1640048574965,1.2384,1.2385,1.2385,1.2385,9,146
1640048575992,1.2381,1.2382,1.2382,1.2384,0,730
1640048577045,1.238,1.2381,1.2381,1.2382,176,0
1640048578061,1.238,1.2382,1.2381,1.2381,225,275
1640048579102,1.238,1.2381,1.238,1.238,0,450
1640048580136,1.2386,1.2387,1.2381,1.2386,18265,0
1640048581173,1.2386,1.2387,0.0,0.0,0,0
1640048582251,1.2386,1.2387,1.2386,1.2386,0,1174
1640048583265,1.2385,1.2386,1.2385,1.2386,387,200
1640048584347,1.2385,1.2386,1.2386,1.2386,27,0
1640048585429,1.2385,1.2386,0.0,0.0,0,0
1640048586489,1.2385,1.2386,1.2385,1.2385,0,538
1640048587507,1.2385,1.2386,1.2385,1.2385,0,87
1640048588508,1.2385,1.2386,1.2386,1.2386,9,0
1640048589536,1.2384,1.2385,1.2383,1.2385,0,2259
1640048590599,1.2384,1.2385,1.2384,1.2385,9,22
1640048591670,1.2384,1.2385,1.2384,1.2384,0,1613
1640048592738,1.2384,1.2385,1.2384,1.2384,0,16
1640048593862,1.2384,1.2385,1.2384,1.2384,0,781
1640048594916,1.2386,1.2387,1.2384,1.2386,646,901
1640048595971,1.2387,1.2388,1.2387,1.2387,2459,0
1640048597015,1.2387,1.2388,1.2387,1.2388,9,85
1640048598053,1.2388,1.2389,1.2387,1.2389,105,1802
1640048599075,1.2389,1.239,1.2388,1.239,62,2606
1640048600180,1.2389,1.239,1.2389,1.2389,0,10
1640048601250,1.2387,1.2388,1.2387,1.2389,0,265
1640048602286,1.2386,1.2387,1.2387,1.2387,0,1215
1640048603356,1.2386,1.2387,0.0,0.0,0,0
1640048604408,1.2386,1.2387,0.0,0.0,0,0
1640048605437,1.2385,1.2387,1.2386,1.2389,8052,6
1640048606490,1.2386,1.2387,0.0,0.0,0,0
1640048607523,1.2386,1.2387,0.0,0.0,0,0
1640048608566,1.2386,1.2387,1.2386,1.2386,0,5
1640048609653,1.2384,1.2385,1.2385,1.2386,0,151
1640048610743,1.2384,1.2385,1.2384,1.2384,0,22
1640048611832,1.2384,1.2385,0.0,0.0,0,0
1640048612911,1.2384,1.2385,1.2384,1.2384,0,389
1640048613945,1.238,1.2381,1.2382,1.2385,12,5024
1640048614955,1.238,1.2381,1.2381,1.2382,361,0
1640048616066,1.238,1.2381,0.0,0.0,0,0
1640048617085,1.238,1.2381,1.2379,1.238,669,654
1640048618130,1.2378,1.238,1.2378,1.238,140,1532
1640048619157,1.2379,1.238,1.2379,1.238,240,16
1640048620202,1.2378,1.238,1.2379,1.2379,129,116
1640048621313,1.2379,1.238,1.2379,1.2379,4770,0
1640048622388,1.238,1.2381,1.238,1.2381,21,0
1640048623463,1.238,1.2381,1.238,1.238,0,740
1640048624527,1.2381,1.2382,1.2381,1.2383,4280,0
1640048625585,1.2381,1.2382,0.0,0.0,0,0
1640048626599,1.2383,1.2384,1.2381,1.2383,534,8380
1640048627608,1.2383,1.2384,1.2383,1.2384,8,10
1640048628667,1.2383,1.2384,0.0,0.0,0,0
1640048629707,1.2383,1.2384,1.2384,1.2385,4918,0
1640048630761,1.2383,1.2384,0.0,0.0,0,0
1640048631762,1.2383,1.2384,0.0,0.0,0,0
1640048632786,1.2382,1.2383,1.2382,1.2383,0,796
1640048633891,1.2382,1.2383,0.0,0.0,0,0
1640048634976,1.2382,1.2383,0.0,0.0,0,0
1640048636055,1.2382,1.2383,1.2383,1.2383,10,0
1640048637074,1.2382,1.2383,0.0,0.0,0,0
1640048638091,1.2382,1.2383,1.2383,1.2383,37,0
1640048639165,1.2382,1.2383,1.2383,1.2383,148,0
1640048640212,1.2384,1.2385,1.2383,1.2384,536,0
1640048641251,1.2385,1.2386,1.2385,1.2385,1256,0
1640048642279,1.2386,1.2387,1.2386,1.2388,7016,0
1640048643303,1.2386,1.2387,0.0,0.0,0,0
1640048644395,1.2386,1.2387,0.0,0.0,0,0
1640048645436,1.2386,1.2387,0.0,0.0,0,0
1640048646493,1.2386,1.2387,1.2386,1.2386,0,534
1640048647626,1.2386,1.2387,1.2387,1.2387,22,0
1640048648653,1.2386,1.2387,0.0,0.0,0,0
1640048649659,1.2386,1.2387,1.2386,1.2386,0,10
1640048650751,1.2385,1.2386,1.2385,1.2387,400,702
1640048651835,1.2385,1.2386,0.0,0.0,0,0
1640048652936,1.2385,1.2386,1.2385,1.2385,0,11
1640048653984,1.2385,1.2386,1.2386,1.2386,490,0
1640048655038,1.2385,1.2386,0.0,0.0,0,0
1640048656120,1.2386,1.2387,1.2385,1.2387,680,3
1640048657145,1.2386,1.2387,0.0,0.0,0,0
1640048658230,1.2386,1.2387,1.2387,1.2387,64,0
1640048659269,1.2386,1.2387,0.0,0.0,0,0
1640048660347,1.2386,1.2387,1.2386,1.2386,0,1584
1640048661383,1.2386,1.2387,0.0,0.0,0,0
1640048662479,1.2386,1.2387,1.2387,1.2387,8,0
1640048663586,1.2386,1.2387,1.2387,1.2387,206,0
1640048664681,1.2386,1.2387,0.0,0.0,0,0
1640048665741,1.2386,1.2387,1.2386,1.2386,0,634
1640048666845,1.2386,1.2387,0.0,0.0,0,0
1640048667942,1.2386,1.2387,1.2386,1.2386,0,892
1640048668977,1.2386,1.2387,0.0,0.0,0,0
1640048670044,1.2386,1.2387,1.2386,1.2386,0,6
1640048671045,1.2386,1.2387,0.0,0.0,0,0
1640048672105,1.2386,1.2387,0.0,0.0,0,0
1640048673177,1.2386,1.2387,1.2386,1.2386,0,1042
1640048674252,1.2386,1.2387,1.2386,1.2386,0,5
1640048675347,1.2386,1.2387,1.2386,1.2386,0,76
1640048676353,1.2386,1.2387,1.2386,1.2386,0,83
1640048677384,1.2385,1.2386,1.2386,1.2386,0,133
1640048678444,1.2385,1.2386,1.2385,1.2385,0,5
1640048679508,1.2385,1.2386,1.2385,1.2385,0,5
1640048680545,1.2385,1.2386,0.0,0.0,0,0
1640048681579,1.2385,1.2386,1.2386,1.2386,620,0
1640048682656,1.2385,1.2386,0.0,0.0,0,0
1640048683685,1.2385,1.2386,0.0,0.0,0,0
1640048684843,1.2385,1.2386,1.2385,1.2385,0,5
1640048685874,1.2385,1.2386,0.0,0.0,0,0
1640048686939,1.2385,1.2386,0.0,0.0,0,0
1640048688011,1.2385,1.2386,1.2386,1.2386,1,0
1640048689032,1.2385,1.2386,0.0,0.0,0,0
1640048690136,1.2386,1.2387,1.2385,1.2388,5931,1496
1640048691169,1.2388,1.2389,1.2387,1.2388,6140,2942
1640048692217,1.2388,1.2389,1.2389,1.2389,253,0
1640048693257,1.2387,1.2388,1.2387,1.2388,0,169
1640048694291,1.2385,1.2386,1.2385,1.2388,185,2532
1640048695337,1.2385,1.2386,0.0,0.0,0,0
1640048696442,1.2385,1.2386,0.0,0.0,0,0
1640048697518,1.2385,1.2386,0.0,0.0,0,0
1640048698567,1.2385,1.2386,1.2385,1.2385,0,816
1640048699588,1.2384,1.2385,0.0,0.0,0,0
1640048700645,1.2384,1.2385,0.0,0.0,0,0
1640048701682,1.2384,1.2385,0.0,0.0,0,0
1640048702697,1.2384,1.2385,0.0,0.0,0,0
1640048703707,1.2382,1.2383,1.2383,1.2385,1319,1842
1640048704710,1.238,1.2381,1.2382,1.2382,0,356
1640048705718,1.238,1.2381,1.238,1.238,0,22
1640048706774,1.238,1.2381,1.2381,1.2381,237,0
1640048707812,1.2378,1.238,1.2379,1.238,0,74
1640048708907,1.2378,1.238,1.2378,1.238,60,77
1640048709954,1.2379,1.238,1.2378,1.238,11,341
1640048711028,1.2378,1.2379,1.2378,1.2379,0,402
1640048712088,1.2378,1.2379,1.2378,1.2378,0,159
1640048713173,1.238,1.2381,1.2379,1.2379,1542,0
1640048714266,1.238,1.2381,1.2381,1.2382,1990,0
1640048715289,1.238,1.2381,1.2381,1.2381,526,0
1640048716328,1.2384,1.2385,1.2381,1.2384,30,69
1640048717381,1.2383,1.2384,1.2379,1.2384,0,16975
1640048718391,1.2384,1.2385,1.2384,1.2384,0,15
1640048719454,1.2385,1.2386,1.2385,1.2385,774,0
1640048720470,1.2385,1.2386,1.2385,1.2385,0,351
1640048721477,1.2385,1.2386,1.2386,1.2386,64,0
1640048722489,1.2385,1.2386,0.0,0.0,0,0
1640048723598,1.2385,1.2386,0.0,0.0,0,0
1640048724726,1.2385,1.2386,0.0,0.0,0,0
1640048725778,1.2385,1.2386,1.2385,1.2385,0,75
1640048726842,1.2385,1.2386,1.2385,1.2385,0,388
1640048727858,1.2385,1.2386,1.2386,1.2386,59,0
1640048728952,1.2385,1.2386,0.0,0.0,0,0
1640048729962,1.2385,1.2386,1.2385,1.2385,0,78
1640048730976,1.2385,1.2386,1.2385,1.2385,0,263
1640048732109,1.2385,1.2386,1.2385,1.2385,0,234
1640048733116,1.2385,1.2386,1.2385,1.2385,0,1234
1640048734128,1.2385,1.2386,1.2385,1.2385,0,1234
1640048735209,1.2385,1.2386,0.0,0.0,0,0
1640048736278,1.2385,1.2386,0.0,0.0,0,0
1640048737400,1.2385,1.2386,1.2385,1.2385,0,5
1640048738491,1.2385,1.2386,1.2386,1.2386,657,0
1640048739504,1.2385,1.2386,0.0,0.0,0,0
1640048740601,1.2385,1.2386,0.0,0.0,0,0
1640048741662,1.2385,1.2386,1.2385,1.2385,0,50
1640048742757,1.2385,1.2386,0.0,0.0,0,0
1640048743803,1.2385,1.2386,1.2385,1.2386,234,1015
1640048744875,1.2385,1.2386,1.2385,1.2385,0,174
1640048745928,1.2385,1.2386,1.2385,1.2385,0,170
1640048746960,1.2385,1.2386,1.2385,1.2385,0,49
1640048748104,1.2385,1.2386,0.0,0.0,0,0
1640048749157,1.2385,1.2386,0.0,0.0,0,0
1640048750238,1.2385,1.2386,1.2385,1.2385,0,671
1640048751286,1.2381,1.2383,1.2382,1.2385,0,215
1640048752292,1.238,1.2381,1.2382,1.2382,0,10
1640048753351,1.238,1.2381,1.238,1.238,0,9
1640048754411,1.238,1.2381,1.238,1.238,0,20
1640048755435,1.238,1.2381,0.0,0.0,0,0
1640048756545,1.238,1.2381,1.238,1.2381,322,9
1640048757617,1.2378,1.2379,1.238,1.238,0,139
1640048758646,1.2378,1.2379,0.0,0.0,0,0
1640048759789,1.2379,1.238,1.2379,1.2379,545,0
1640048760869,1.2379,1.238,0.0,0.0,0,0
1640048762000,1.2379,1.238,1.2379,1.2379,0,171
1640048763080,1.2379,1.238,1.2379,1.2379,0,29
1640048764163,1.2379,1.238,1.2379,1.238,375,86
1640048765233,1.2379,1.238,0.0,0.0,0,0
1640048766300,1.2379,1.238,1.2379,1.238,384,17
1640048767417,1.2379,1.238,0.0,0.0,0,0
1640048768439,1.2379,1.238,0.0,0.0,0,0
1640048769502,1.2379,1.238,0.0,0.0,0,0
1640048770528,1.2376,1.2377,1.2376,1.2379,0,3474
1640048771576,1.2375,1.2376,1.2375,1.2376,0,876
1640048772625,1.2375,1.2376,1.2375,1.2375,0,95
1640048773641,1.2375,1.2376,0.0,0.0,0,0
1640048774676,1.2375,1.2376,1.2375,1.2375,0,9
1640048775769,1.2375,1.2376,0.0,0.0,0,0
1640048776835,1.2375,1.2376,1.2376,1.2376,145,0
1640048777922,1.2374,1.2375,1.2375,1.2376,65,150
1640048778997,1.2372,1.2373,1.2373,1.2374,0,1808
1640048780028,1.2372,1.2373,0.0,0.0,0,0
1640048781080,1.2372,1.2373,1.2373,1.2373,100,0
1640048782191,1.2372,1.2373,1.2372,1.2372,0,62
1640048783288,1.2372,1.2373,1.2372,1.2372,0,108
1640048784374,1.2372,1.2373,0.0,0.0,0,0
1640048785435,1.2372,1.2373,0.0,0.0,0,0
1640048786483,1.2372,1.2373,1.2372,1.2373,95,10
1640048787584,1.2372,1.2373,1.2372,1.2372,0,15
1640048788630,1.2372,1.2373,0.0,0.0,0,0
1640048789705,1.2372,1.2373,0.0,0.0,0,0
1640048790712,1.2372,1.2373,0.0,0.0,0,0
1640048791722,1.237,1.2371,1.2371,1.2372,12,7028
1640048792762,1.237,1.2371,1.2371,1.2371,66,0
1640048793845,1.237,1.2371,1.2371,1.2373,6658,0
1640048794880,1.237,1.2371,0.0,0.0,0,0
1640048795882,1.2369,1.237,1.237,1.237,0,297
1640048796906,1.2369,1.237,0.0,0.0,0,0
1640048797992,1.2369,1.237,0.0,0.0,0,0
1640048799056,1.2369,1.237,0.0,0.0,0,0
1640048800057,1.2369,1.237,1.2369,1.2369,0,76
1640048801123,1.2365,1.2366,1.2365,1.2369,16,9263
1640048802143,1.2365,1.2366,1.2364,1.2365,1206,740
1640048803232,1.2365,1.2366,1.2364,1.2365,0,588
1640048804332,1.2365,1.2366,0.0,0.0,0,0
1640048805447,1.2365,1.2366,0.0,0.0,0,0
1640048806447,1.2365,1.2366,1.2365,1.2365,0,57
1640048807582,1.2365,1.2366,1.2365,1.2365,0,190
1640048808641,1.2368,1.2369,1.2364,1.2369,17234,737
1640048809652,1.2367,1.2368,1.2368,1.2368,0,286
1640048810690,1.2367,1.2368,0.0,0.0,0,0
1640048811724,1.2369,1.237,1.2368,1.2369,9035,0
1640048812750,1.2369,1.237,1.2369,1.2369,0,207
1640048813756,1.2369,1.237,0.0,0.0,0,0
1640048814784,1.2369,1.237,0.0,0.0,0,0
1640048815844,1.2369,1.237,0.0,0.0,0,0
1640048816879,1.2369,1.237,1.2369,1.2369,0,76
1640048817879,1.2369,1.237,1.2369,1.2369,0,48
1640048819024,1.2369,1.237,1.2369,1.2369,0,404
1640048820128,1.2369,1.237,1.237,1.237,281,0
1640048821135,1.2369,1.237,0.0,0.0,0,0
1640048822183,1.2367,1.2369,1.2367,1.2369,0,4263
1640048823237,1.2368,1.2369,0.0,0.0,0,0
1640048824271,1.2368,1.2369,0.0,0.0,0,0
1640048825356,1.2368,1.2369,0.0,0.0,0,0
1640048826492,1.2368,1.2369,1.2368,1.2368,0,16
1640048827574,1.2368,1.2369,0.0,0.0,0,0
1640048828581,1.2363,1.2364,1.2364,1.2368,0,5933
1640048829593,1.2363,1.2364,1.2363,1.2364,2489,58
1640048830654,1.2363,1.2364,0.0,0.0,0,0
1640048831761,1.2363,1.2364,1.2363,1.2363,0,29
1640048832783,1.2363,1.2364,0.0,0.0,0,0
1640048833859,1.2364,1.2365,1.2364,1.2364,3488,22
1640048834861,1.2364,1.2365,0.0,0.0,0,0
1640048835923,1.2364,1.2365,1.2364,1.2365,286,300
1640048836938,1.2364,1.2365,0.0,0.0,0,0
1640048837953,1.2362,1.2363,1.2363,1.2365,168,5622
1640048839027,1.2362,1.2363,0.0,0.0,0,0
1640048840041,1.236,1.2361,1.236,1.2362,12,4200
1640048841098,1.2359,1.236,1.236,1.236,8,40
1640048842147,1.2359,1.236,1.2359,1.2359,0,84
1640048843147,1.2358,1.2359,1.2358,1.236,22,2903
1640048844190,1.2356,1.2357,1.2357,1.2357,295,653
1640048845211,1.2355,1.2357,1.2354,1.2359,8181,14648
1640048846236,1.2359,1.2361,1.2359,1.236,4716,0
1640048847265,1.2358,1.2359,1.2357,1.236,0,14884
1640048848314,1.2357,1.2358,1.2358,1.2358,0,12
1640048849387,1.2357,1.2358,0.0,0.0,0,0
1640048850453,1.2357,1.2358,1.2358,1.2358,171,0
1640048851495,1.2357,1.2358,0.0,0.0,0,0
1640048852518,1.2357,1.2358,0.0,0.0,0,0
1640048853522,1.2357,1.2358,1.2357,1.2357,0,402
1640048854568,1.2357,1.2358,1.2357,1.2357,0,22
1640048855696,1.2356,1.2357,1.2356,1.2357,21,469
1640048856743,1.2352,1.2353,1.2353,1.2356,12,3372
1640048857760,1.2352,1.2353,1.2352,1.2353,741,32
1640048858775,1.2355,1.2356,1.2353,1.2357,6565,0
1640048859811,1.2357,1.2358,1.2357,1.2358,3447,71
1640048860844,1.2357,1.2358,1.2357,1.2357,0,2243
1640048861858,1.2357,1.2358,1.2357,1.2358,315,75
1640048862935,1.2357,1.2358,1.2357,1.2357,0,137
1640048863938,1.2356,1.2357,1.2356,1.2357,11,158
1640048864966,1.2353,1.2354,1.2353,1.2356,156,2369
1640048865975,1.2354,1.2355,1.2353,1.2355,309,282
1640048866988,1.2355,1.2356,1.2355,1.2357,3324,0
1640048868042,1.2353,1.2354,1.2353,1.2355,0,50
1640048869186,1.2353,1.2354,1.2353,1.2353,0,114
1640048870186,1.2353,1.2354,0.0,0.0,0,0
1640048871217,1.2353,1.2354,0.0,0.0,0,0
1640048872257,1.2353,1.2354,1.2353,1.2353,0,332
1640048873299,1.2351,1.2352,1.2351,1.2353,12,4029
1640048874327,1.2349,1.235,1.2349,1.2351,0,12222
1640048875343,1.2351,1.2352,1.2349,1.2351,411,47
1640048876439,1.2353,1.2354,1.2352,1.2352,173,0
1640048877456,1.2356,1.2357,1.2354,1.2356,2624,0
1640048878496,1.2359,1.236,1.2355,1.2362,12404,6925
1640048879517,1.2357,1.2358,1.2357,1.2357,0,85
1640048880581,1.2357,1.2358,1.2357,1.2357,0,119
1640048881614,1.2357,1.2358,1.2357,1.2357,0,166
1640048882663,1.2357,1.2358,0.0,0.0,0,0
1640048883663,1.2357,1.2358,1.2357,1.2357,0,19
1640048884731,1.2357,1.2358,1.2357,1.2357,0,82
1640048885780,1.2357,1.2358,1.2357,1.2357,0,569
1640048886833,1.2354,1.2355,1.2354,1.2357,807,21826
1640048887860,1.2354,1.2355,0.0,0.0,0,0
1640048888868,1.2354,1.2355,0.0,0.0,0,0
1640048889996,1.2354,1.2355,0.0,0.0,0,0
1640048891062,1.2354,1.2355,1.2354,1.2354,0,385
1640048892062,1.2354,1.2355,1.2355,1.2355,118,0
1640048893137,1.2358,1.236,1.2354,1.236,37721,78
1640048894157,1.2361,1.2362,1.236,1.2361,601,165
1640048895246,1.2361,1.2362,1.2361,1.2361,0,48
1640048896273,1.2365,1.2366,1.2362,1.2366,34326,1588
1640048897297,1.2361,1.2362,1.2361,1.2364,0,88
1640048898330,1.2361,1.2362,1.2361,1.2362,390,80
1640048899418,1.2361,1.2362,1.236,1.2362,141,4320
1640048900475,1.2363,1.2364,1.2362,1.2363,138,6
1640048901535,1.2365,1.2366,1.2364,1.2365,520,541
1640048902539,1.2366,1.2367,1.2366,1.2367,1722,228
1640048903574,1.2367,1.2368,1.2368,1.2368,440,0
1640048904669,1.2367,1.2368,1.2366,1.2368,399,239
1640048905762,1.2367,1.2368,1.2368,1.2368,63,0
1640048906822,1.2367,1.2368,0.0,0.0,0,0
1640048907825,1.2367,1.2368,1.2367,1.2368,7033,3101
1640048908893,1.2367,1.2368,1.2367,1.2367,0,84
1640048909964,1.236,1.2361,1.2362,1.2367,0,13110
1640048911000,1.2361,1.2362,1.2361,1.2362,302,0
1640048912057,1.2361,1.2362,1.2362,1.2362,59,0
1640048913107,1.2361,1.2362,0.0,0.0,0,0
1640048914185,1.2361,1.2362,0.0,0.0,0,0
1640048915214,1.2361,1.2362,1.2361,1.2361,0,5
1640048916282,1.2361,1.2362,1.2361,1.2361,0,13
1640048917403,1.2361,1.2362,1.2361,1.2361,0,103
1640048918457,1.2357,1.2358,1.2358,1.2361,0,3322
1640048919472,1.2354,1.2356,1.2354,1.2358,81,5584
1640048920523,1.2355,1.2356,0.0,0.0,0,0
1640048921644,1.2355,1.2356,1.2355,1.2355,0,222
1640048922732,1.2355,1.2356,0.0,0.0,0,0
1640048923808,1.2355,1.2356,1.2356,1.2356,297,0
1640048924852,1.2355,1.2356,1.2355,1.2355,0,145
1640048925931,1.2355,1.2356,0.0,0.0,0,0
1640048926951,1.2355,1.2356,1.2356,1.2356,37,0
1640048928095,1.2355,1.2356,0.0,0.0,0,0
1640048929151,1.2355,1.2356,1.2355,1.2356,127,627
1640048930207,1.2355,1.2356,1.2356,1.2356,146,0
1640048931232,1.2356,1.2357,1.2356,1.2357,1835,0
1640048932249,1.2353,1.2354,1.2354,1.2357,137,346
1640048933322,1.2349,1.235,1.235,1.2353,0,14129
1640048934341,1.2347,1.2348,1.2348,1.2349,213,455
1640048935380,1.2347,1.2348,1.2347,1.2348,34,19
1640048936431,1.2347,1.2348,1.2347,1.2347,0,73
1640048937438,1.2347,1.2348,1.2347,1.2347,0,83
1640048938493,1.2347,1.2348,1.2347,1.2348,515,83
1640048939650,1.2347,1.2348,1.2348,1.2348,59,0
1640048940685,1.2345,1.2346,1.2346,1.2348,1246,1342
1640048941700,1.2345,1.2346,1.2345,1.2346,12,387
1640048942726,1.2345,1.2346,0.0,0.0,0,0
1640048943764,1.2343,1.2344,1.2342,1.2345,155,9916
1640048944815,1.2343,1.2344,1.2343,1.2343,0,647
1640048945819,1.2343,1.2344,1.2343,1.2343,0,16
1640048946893,1.2343,1.2344,1.2343,1.2343,0,572
1640048947964,1.2346,1.2347,1.2344,1.2347,686,0
1640048949067,1.2346,1.2347,1.2346,1.2347,249,6
1640048950202,1.2346,1.2347,0.0,0.0,0,0
1640048951268,1.2346,1.2347,1.2347,1.2347,40,0
1640048952270,1.2346,1.2347,0.0,0.0,0,0
1640048953281,1.2346,1.2347,0.0,0.0,0,0
1640048954302,1.2343,1.2345,1.2346,1.2346,0,511
1640048955356,1.2343,1.2344,1.2343,1.2344,10,596
1640048956389,1.2344,1.2345,1.2344,1.2345,557,0
1640048957412,1.2346,1.2347,1.2344,1.2346,5312,10
1640048958445,1.2343,1.2344,1.2344,1.2346,0,5412
1640048959521,1.2343,1.2344,1.2344,1.2344,648,0
1640048960615,1.2342,1.2343,1.2342,1.2343,0,594
1640048961663,1.2342,1.2343,1.2342,1.2343,335,78
1640048962697,1.2344,1.2345,1.2343,1.2343,1228,0
1640048963715,1.2346,1.2347,1.2345,1.2347,470,698
1640048964784,1.2346,1.2347,0.0,0.0,0,0
1640048965822,1.2348,1.2349,1.2347,1.2348,2327,0
1640048966853,1.2348,1.2349,1.2348,1.2348,0,10
1640048967939,1.2348,1.2349,0.0,0.0,0,0
1640048968953,1.2348,1.2349,1.2349,1.2349,455,0
1640048969960,1.2348,1.2349,0.0,0.0,0,0
1640048971045,1.2348,1.2349,1.2348,1.2348,0,5
1640048972089,1.2348,1.2349,0.0,0.0,0,0
1640048973153,1.2348,1.2349,1.2348,1.2348,0,1050
1640048974176,1.2349,1.235,1.2348,1.2349,464,1251
1640048975185,1.2347,1.2348,1.2347,1.2349,0,200
1640048976246,1.2347,1.2348,0.0,0.0,0,0
1640048977361,1.2347,1.2348,1.2347,1.2347,0,83
1640048978406,1.2347,1.2348,1.2347,1.2347,0,86
1640048979413,1.2348,1.2349,1.2348,1.2349,3577,0
1640048980442,1.2345,1.2346,1.2346,1.2349,0,2243
1640048981455,1.2344,1.2345,1.2345,1.2346,17,4690
1640048982524,1.2344,1.2345,1.2345,1.2346,353,0
1640048983590,1.2343,1.2344,1.2344,1.2344,0,14
1640048984617,1.2343,1.2344,1.2343,1.2343,0,24
1640048985675,1.2343,1.2344,0.0,0.0,0,0
1640048986687,1.2343,1.2344,0.0,0.0,0,0
1640048987709,1.2343,1.2344,1.2343,1.2343,0,322
1640048988803,1.2341,1.2342,1.2341,1.2343,571,37451
1640048989837,1.2341,1.2342,0.0,0.0,0,0
1640048990897,1.234,1.2341,1.234,1.234,0,97
1640048991912,1.234,1.2341,1.234,1.234,0,2807
1640048992990,1.234,1.2341,0.0,0.0,0,0
1640048993994,1.2341,1.2343,1.2341,1.2343,1218,0
1640048995070,1.2343,1.2344,1.2342,1.2343,0,77
1640048996113,1.2343,1.2344,1.2343,1.2343,0,7
1640048997266,1.2343,1.2344,0.0,0.0,0,0
1640048998321,1.2343,1.2344,0.0,0.0,0,0
1640048999498,1.2343,1.2344,1.2344,1.2344,35,0
1640049000498,1.2343,1.2344,1.2344,1.2344,13,0
1640049001562,1.2345,1.2346,1.2344,1.2346,7611,0
1640049002669,1.2344,1.2345,1.2344,1.2345,0,1299
1640049003677,1.2345,1.2346,1.2345,1.2346,42,0
1640049004705,1.2345,1.2346,1.2346,1.2346,728,0
1640049005801,1.2345,1.2346,0.0,0.0,0,0
1640049006861,1.2345,1.2346,1.2345,1.2346,9,16
1640049007922,1.2345,1.2346,0.0,0.0,0,0
1640049008933,1.2345,1.2346,1.2345,1.2345,0,1015
1640049009933,1.2346,1.2347,1.2346,1.2348,13104,0
1640049010959,1.2346,1.2347,1.2346,1.2346,0,6
1640049011966,1.2348,1.2349,1.2347,1.2349,5000,2259
1640049013026,1.2347,1.2348,1.2346,1.2348,0,28
1640049014066,1.2348,1.2349,1.2347,1.2351,21473,845
1640049015089,1.2351,1.2352,1.2348,1.2349,841,3614
1640049016130,1.2351,1.2352,1.2352,1.2352,10,0
1640049017211,1.2351,1.2352,1.235,1.2352,966,1650
1640049018214,1.2347,1.2348,1.2349,1.2351,58,2696
1640049019281,1.2348,1.235,1.2347,1.2348,29,14
1640049020417,1.2349,1.235,0.0,0.0,0,0
1640049021417,1.2349,1.235,0.0,0.0,0,0
1640049022452,1.2349,1.2351,1.2348,1.2349,0,3527
1640049023468,1.235,1.2351,1.2349,1.2349,0,7
1640049024471,1.235,1.2351,0.0,0.0,0,0
1640049025569,1.235,1.2351,1.235,1.235,0,6
1640049026596,1.235,1.2351,0.0,0.0,0,0
1640049027635,1.235,1.2351,0.0,0.0,0,0
1640049028647,1.235,1.2351,1.235,1.235,0,7
1640049029669,1.235,1.2351,1.235,1.235,0,179
1640049030767,1.235,1.2351,1.235,1.235,0,11
1640049031837,1.235,1.2351,0.0,0.0,0,0
1640049032915,1.2351,1.2352,1.2351,1.2352,4535,351
1640049033956,1.2351,1.2352,1.2352,1.2352,5387,0
1640049034991,1.2352,1.2353,1.2353,1.2353,133,0
1640049036043,1.2352,1.2353,1.2353,1.2353,12315,0
1640049037068,1.2355,1.2356,1.2353,1.2355,405,0
1640049038103,1.2355,1.2356,1.2355,1.2355,0,31
1640049039164,1.2355,1.2356,0.0,0.0,0,0
1640049040226,1.2353,1.2354,1.2352,1.2355,0,2015
1640049041275,1.2353,1.2354,0.0,0.0,0,0
1640049042347,1.2353,1.2354,0.0,0.0,0,0
1640049043411,1.2353,1.2354,1.2354,1.2354,268,0
1640049044469,1.2352,1.2353,1.2353,1.2353,0,157
1640049045555,1.2352,1.2353,1.2351,1.2352,0,1326
1640049046633,1.2354,1.2355,1.2353,1.2355,749,0
1640049047676,1.2354,1.2355,0.0,0.0,0,0
1640049048695,1.2352,1.2353,1.2354,1.2354,0,259
1640049049784,1.2353,1.2355,1.2353,1.2354,4173,0
1640049050844,1.2352,1.2355,0.0,0.0,0,0
1640049051918,1.2351,1.2352,1.2351,1.2352,0,277
1640049052972,1.2351,1.2352,1.2351,1.2351,0,35
1640049054086,1.2351,1.2352,0.0,0.0,0,0
1640049055190,1.2351,1.2352,0.0,0.0,0,0
1640049056246,1.2351,1.2352,0.0,0.0,0,0
1640049057287,1.2351,1.2352,1.2351,1.2351,0,1795
1640049058360,1.2351,1.2352,1.2351,1.2351,0,78
1640049059393,1.2349,1.235,1.235,1.2351,0,4836
1640049060433,1.2349,1.235,0.0,0.0,0,0
1640049061434,1.2349,1.235,0.0,0.0,0,0
1640049062442,1.2348,1.2349,1.2349,1.2349,0,584
1640049063472,1.2348,1.2349,1.2349,1.2349,82,0
1640049064489,1.2348,1.2349,0.0,0.0,0,0
1640049065498,1.2348,1.2349,0.0,0.0,0,0
1640049066562,1.2348,1.2349,1.2348,1.2349,1065,14
1640049067586,1.2348,1.2349,0.0,0.0,0,0
1640049068629,1.2347,1.2348,1.2348,1.2348,0,622
1640049069636,1.2344,1.2345,1.2345,1.2348,90,833
1640049070689,1.2344,1.2345,1.2345,1.2345,872,0
1640049071754,1.2344,1.2345,1.2345,1.2345,30,0
1640049072759,1.2344,1.2345,1.2344,1.2344,0,16
1640049073917,1.2344,1.2345,0.0,0.0,0,0
1640049074991,1.2344,1.2345,0.0,0.0,0,0
1640049076008,1.2343,1.2345,1.2343,1.2344,0,5473
1640049077031,1.2343,1.2344,1.2343,1.2344,0,354
1640049078078,1.2343,1.2344,1.2342,1.2343,0,9355
1640049079134,1.234,1.2341,0.0,0.0,0,0
1640049080234,1.234,1.2341,1.234,1.2341,124,19
1640049081274,1.234,1.2341,1.234,1.234,0,6
1640049082324,1.234,1.2341,1.234,1.234,0,9
1640049083341,1.2337,1.2338,1.2337,1.234,438,14481
1640049084347,1.2336,1.2337,1.2334,1.2338,633,7112
1640049085416,1.2336,1.2337,1.2337,1.2337,1134,0
1640049086473,1.2336,1.2337,1.2336,1.2337,30,23
1640049087553,1.2336,1.2337,1.2334,1.2336,0,5917
1640049088610,1.2336,1.2337,1.2335,1.2336,0,787
1640049089675,1.2337,1.2338,1.2336,1.2337,845,200
1640049090721,1.2337,1.2338,0.0,0.0,0,0
1640049091755,1.2337,1.2338,1.2337,1.2337,0,20
1640049092808,1.2336,1.2337,1.2336,1.2337,0,2768
1640049093902,1.2336,1.2337,0.0,0.0,0,0
1640049094955,1.2336,1.2337,1.2336,1.2336,0,23
1640049096054,1.2336,1.2337,1.2336,1.2337,36,118
1640049097190,1.2336,1.2337,1.2336,1.2336,0,85
1640049098205,1.2336,1.2337,1.2336,1.2336,0,30
1640049099284,1.2336,1.2337,0.0,0.0,0,0
1640049100364,1.2335,1.2336,1.2336,1.2337,115,542
1640049101417,1.2335,1.2336,0.0,0.0,0,0
1640049102474,1.2336,1.2337,1.2335,1.2336,842,6
1640049103521,1.2336,1.2337,1.2336,1.2337,180,238
1640049104532,1.2334,1.2335,1.2335,1.2336,0,2289
1640049105607,1.2334,1.2335,0.0,0.0,0,0
1640049106680,1.2332,1.2333,1.2331,1.2334,0,8760
1640049107731,1.2331,1.2332,1.2331,1.2332,0,1125
1640049108754,1.233,1.2331,1.2331,1.2331,1151,0
1640049109781,1.2329,1.233,1.2328,1.233,0,10944
1640049110839,1.2328,1.2329,1.2329,1.2329,623,0
1640049111864,1.2328,1.2329,1.2328,1.2329,660,8
1640049112922,1.2328,1.2329,1.2328,1.2329,187,87
1640049113933,1.2324,1.2325,1.2325,1.2329,289,2274
1640049114956,1.2321,1.2322,1.2321,1.2325,203,2961
1640049115999,1.2321,1.2322,1.2321,1.2324,3776,3228
1640049117047,1.2324,1.2325,1.2324,1.2324,0,17
1640049118102,1.2324,1.2325,1.2325,1.2325,320,0
1640049119124,1.2322,1.2323,1.2322,1.2324,772,988
1640049120182,1.2324,1.2325,1.2324,1.2326,1995,0
1640049121210,1.2324,1.2325,1.2324,1.2325,30,5
1640049122243,1.2324,1.2325,1.2324,1.2325,1725,323
1640049123257,1.2324,1.2325,1.2325,1.2325,7,1708
1640049124258,1.2324,1.2325,1.2324,1.2325,12,176
1640049125272,1.2317,1.2318,1.2317,1.2324,0,18514
1640049126302,1.2315,1.2316,1.2315,1.232,947,29800
1640049127321,1.2315,1.2316,1.2312,1.2316,3364,21442
1640049128348,1.2313,1.2316,1.2315,1.2316,500,674
1640049129364,1.2311,1.2313,1.2312,1.2314,194,1400
1640049130379,1.2317,1.2318,1.2312,1.2316,5704,717
1640049131396,1.232,1.2321,1.2317,1.232,9164,1119
1640049132411,1.232,1.2321,1.232,1.232,0,414
1640049133444,1.232,1.2321,1.232,1.2321,9,91
1640049134471,1.232,1.2321,1.2321,1.2321,35,0
1640049135505,1.232,1.2321,1.2321,1.2321,22,0
1640049136523,1.2314,1.2315,1.2314,1.232,19,14628
1640049137566,1.2314,1.2315,1.2313,1.2314,376,372
1640049138583,1.2312,1.2313,1.2313,1.2314,71,400
1640049139639,1.2314,1.2315,1.2313,1.2315,4332,415
1640049140664,1.2314,1.2315,1.2314,1.2314,0,1513
1640049141733,1.2315,1.2317,1.2314,1.2316,131,752
1640049142743,1.2316,1.2318,1.2315,1.2319,259,768
1640049143775,1.2316,1.2317,1.2316,1.2316,0,662
1640049144820,1.2316,1.2317,1.2316,1.2317,241,1175
1640049145888,1.2317,1.2318,1.2316,1.2317,250,48
1640049146944,1.2317,1.2318,1.2317,1.2318,1980,1652
1640049148008,1.2316,1.2317,0.0,0.0,0,0
1640049149063,1.2318,1.2319,1.2317,1.2318,405,130
1640049150136,1.2318,1.2319,1.2318,1.2319,462,22
1640049151208,1.2318,1.2319,1.2319,1.2319,19,0
1640049152262,1.2318,1.2319,0.0,0.0,0,0
1640049153315,1.2316,1.2317,1.2318,1.2318,0,1648
1640049154345,1.2316,1.2317,1.2317,1.2317,4417,0
1640049155358,1.2316,1.2317,1.2317,1.2317,742,0
1640049156436,1.2316,1.2317,1.2316,1.2316,0,42
1640049157503,1.2315,1.2316,1.2315,1.2316,0,739
1640049158555,1.2312,1.2313,1.2312,1.2315,0,2799
1640049159603,1.2312,1.2313,1.2312,1.2313,16,318
1640049160635,1.2311,1.2312,1.2311,1.2313,967,6619
1640049161722,1.2312,1.2313,1.2312,1.2313,237,0
1640049162779,1.2313,1.2314,1.2313,1.2313,80,195
1640049163848,1.2312,1.2313,1.2313,1.2313,0,530
1640049164952,1.2312,1.2313,0.0,0.0,0,0
1640049166042,1.2314,1.2315,1.2313,1.2315,778,0
1640049167092,1.2316,1.2317,1.2315,1.2317,1131,172
1640049168132,1.2316,1.2317,0.0,0.0,0,0
1640049169139,1.2316,1.2317,1.2316,1.2316,0,628
1640049170189,1.2317,1.2318,1.2316,1.2318,737,12
1640049171228,1.2316,1.2317,1.2315,1.2318,1232,6899
1640049172263,1.2314,1.2315,1.2314,1.2316,133,1399
1640049173289,1.2315,1.2316,1.2315,1.2316,1227,0
1640049174342,1.2315,1.2316,1.2316,1.2316,100,0
1640049175416,1.2315,1.2316,1.2315,1.2315,0,20
1640049176446,1.2314,1.2315,1.2314,1.2316,1213,1152
1640049177446,1.2313,1.2314,1.2313,1.2315,597,342
1640049178472,1.231,1.2311,1.2311,1.2314,210,5707
1640049179485,1.2312,1.2313,1.2311,1.2313,602,0
1640049180499,1.2311,1.2312,1.2312,1.2312,436,0
1640049181542,1.2315,1.2316,1.2312,1.2315,2508,96
1640049182546,1.2318,1.2319,1.2316,1.2318,9038,151
1640049183571,1.2316,1.2317,1.2316,1.2318,0,806
1640049184621,1.2316,1.2317,0.0,0.0,0,0
1640049185672,1.2316,1.2317,1.2316,1.2317,12,150
1640049186731,1.2316,1.2317,1.2314,1.2316,0,1590
1640049187786,1.2313,1.2314,1.2316,1.2316,0,183
1640049188815,1.2313,1.2314,1.2314,1.2314,15,0
1640049189861,1.2313,1.2314,0.0,0.0,0,0
1640049190943,1.2313,1.2314,0.0,0.0,0,0
1640049191973,1.2319,1.232,1.2314,1.2319,5357,949
1640049193030,1.2317,1.2318,1.2317,1.2319,465,585
1640049194063,1.2317,1.232,1.2316,1.2319,1806,1138
1640049195128,1.2318,1.2319,0.0,0.0,0,0
1640049196217,1.2316,1.2319,1.2316,1.2318,0,1218
1640049197321,1.2315,1.2316,1.2315,1.2317,6,28
1640049198349,1.2315,1.2316,0.0,0.0,0,0
1640049199405,1.2315,1.2316,1.2315,1.2315,0,300
1640049200441,1.2314,1.2315,1.2315,1.2315,5,84
1640049201546,1.2314,1.2315,0.0,0.0,0,0
1640049202609,1.2315,1.2316,1.2315,1.2316,869,23
1640049203682,1.2315,1.2316,0.0,0.0,0,0
1640049204734,1.2315,1.2316,0.0,0.0,0,0
1640049205804,1.2314,1.2315,1.2315,1.2315,0,174
1640049206836,1.2313,1.2314,1.2314,1.2314,5,136
1640049207910,1.2311,1.2312,1.2313,1.2313,159,886
1640049208929,1.2311,1.2312,1.2311,1.2311,0,173
1640049209962,1.2311,1.2312,0.0,0.0,0,0
1640049211027,1.2311,1.2312,0.0,0.0,0,0
1640049212109,1.2308,1.2309,1.2307,1.2312,683,29732
1640049213141,1.2306,1.2307,1.2307,1.2308,65,17
1640049214166,1.2306,1.2307,1.2305,1.2307,44,13139
1640049215255,1.2307,1.2308,1.2307,1.2308,3007,0
1640049216286,1.2309,1.231,1.2307,1.2309,625,1134
1640049217313,1.2309,1.231,1.231,1.231,81,0
1640049218360,1.2307,1.2308,1.2309,1.2309,0,300
1640049219474,1.2304,1.2307,1.2304,1.2307,0,3143
1640049220533,1.2304,1.2305,1.2304,1.2304,0,173
1640049221602,1.2306,1.2307,1.2304,1.2306,3400,1586
1640049222627,1.2306,1.2307,1.2306,1.2306,0,257
1640049223681,1.2304,1.2305,1.2304,1.2306,0,2159
1640049224772,1.2303,1.2304,1.2304,1.2304,0,103
1640049225793,1.2302,1.2303,1.2302,1.2305,9463,10643
1640049226858,1.2304,1.2305,1.2305,1.2306,791,0
1640049227952,1.2304,1.2305,1.2304,1.2304,0,222
1640049229017,1.2304,1.2305,0.0,0.0,0,0
1640049230061,1.2304,1.2305,1.2304,1.2304,0,10
1640049231101,1.2304,1.2305,1.2305,1.2305,171,0
1640049232108,1.2307,1.2308,1.2305,1.2307,3444,0
1640049233145,1.2305,1.2306,1.2305,1.2307,0,1104
1640049234145,1.2304,1.2305,1.2304,1.2305,0,80
1640049235191,1.2304,1.2305,1.2305,1.2305,994,0
1640049236243,1.2307,1.2308,1.2305,1.2308,1222,0
1640049237302,1.2307,1.2308,1.2307,1.2308,21,200
1640049238340,1.2307,1.2308,1.2307,1.2307,0,9
1640049239340,1.2307,1.2308,0.0,0.0,0,0
1640049240441,1.2307,1.2308,1.2307,1.2307,0,1469
1640049241443,1.2308,1.231,1.2308,1.2311,28279,0
1640049242516,1.2311,1.2312,1.2311,1.2312,9595,589
1640049243550,1.2311,1.2312,1.2311,1.2311,0,221
1640049244628,1.2311,1.2312,1.2311,1.2312,12,505
1640049245685,1.2311,1.2312,0.0,0.0,0,0
1640049246708,1.2307,1.2308,1.2309,1.2311,0,9302
1640049247772,1.2304,1.2305,1.2305,1.2307,0,21612
1640049248810,1.2304,1.2305,1.2304,1.2305,10,281
1640049249826,1.2304,1.2305,1.2305,1.2305,1393,0
1640049250826,1.2304,1.2305,1.2305,1.2305,2612,0
1640049251881,1.2307,1.2308,1.2306,1.2306,2612,0
1640049252894,1.2305,1.2306,1.2305,1.2307,82,556
1640049253910,1.2305,1.2306,1.2305,1.2306,60,35
1640049254927,1.2308,1.2309,1.2306,1.231,3680,0
1640049255960,1.2308,1.2309,1.2308,1.2308,0,11
1640049257006,1.2308,1.2309,1.2308,1.231,142,472
1640049258075,1.2308,1.2309,1.2308,1.2308,0,10
1640049259150,1.2308,1.2309,1.2309,1.2309,304,0
1640049260239,1.2312,1.2313,1.2309,1.2311,4975,10
1640049261274,1.2312,1.2313,0.0,0.0,0,0
1640049262331,1.2312,1.2313,0.0,0.0,0,0
1640049263428,1.2312,1.2313,0.0,0.0,0,0
1640049264487,1.2312,1.2313,1.2312,1.2312,0,5
1640049265534,1.2312,1.2313,1.2312,1.2313,175,579
1640049266628,1.2309,1.231,1.231,1.2312,370,3753
1640049267642,1.2309,1.231,0.0,0.0,0,0
1640049268719,1.2309,1.231,0.0,0.0,0,0
1640049269784,1.2309,1.231,0.0,0.0,0,0
1640049270868,1.2309,1.231,1.231,1.231,26,0
1640049271920,1.2309,1.231,1.2309,1.231,12,26
1640049273015,1.2309,1.231,1.231,1.231,96,0
1640049274074,1.2308,1.2309,1.2309,1.2309,0,550
1640049275079,1.2308,1.2309,0.0,0.0,0,0
1640049276186,1.2307,1.2308,1.2308,1.2309,213,131
1640049277239,1.2307,1.2308,1.2306,1.2309,8337,4075
1640049278326,1.2308,1.2309,1.2308,1.2308,141,0
1640049279428,1.2308,1.2309,0.0,0.0,0,0
1640049280526,1.2308,1.2309,0.0,0.0,0,0
1640049281615,1.2308,1.2309,0.0,0.0,0,0
1640049282651,1.2304,1.2305,1.2305,1.2309,935,17445
1640049283687,1.2305,1.2306,1.2305,1.2305,1462,0
1640049284709,1.2306,1.2307,0.0,0.0,0,0
1640049285782,1.2305,1.2307,1.2304,1.2306,5,966
1640049286811,1.2306,1.2307,0.0,0.0,0,0
1640049287868,1.2308,1.2309,1.2304,1.231,13814,1883
1640049288898,1.231,1.2311,0.0,0.0,0,0
1640049289945,1.231,1.2311,0.0,0.0,0,0
1640049290994,1.231,1.2311,1.231,1.231,0,24
1640049292022,1.2308,1.2309,1.2306,1.231,21,15066
1640049293076,1.2308,1.2309,0.0,0.0,0,0
1640049294089,1.2308,1.2309,1.2308,1.2308,0,84
1640049295155,1.2308,1.2309,0.0,0.0,0,0
1640049296232,1.2308,1.2309,1.2309,1.2309,641,0
1640049297310,1.2308,1.2309,0.0,0.0,0,0
1640049298330,1.2311,1.2312,1.2309,1.2312,7409,0
1640049299379,1.2311,1.2312,1.2312,1.2312,30,0
1640049300463,1.2311,1.2312,1.2311,1.2312,245,346
1640049301535,1.2311,1.2312,1.231,1.2311,0,623
1640049302602,1.2311,1.2312,1.231,1.2312,22,805
1640049303629,1.2313,1.2314,1.2311,1.2314,122,122
1640049304661,1.2314,1.2315,1.2314,1.2314,61,409
1640049305718,1.2315,1.2316,1.2314,1.2316,256,74
1640049306824,1.2315,1.2316,1.2313,1.2316,2010,539
1640049307865,1.2313,1.2314,1.2314,1.2315,20,456
1640049308896,1.2314,1.2315,0.0,0.0,0,0
1640049309956,1.2314,1.2315,0.0,0.0,0,0
1640049311072,1.2314,1.2315,0.0,0.0,0,0
1640049312126,1.2314,1.2315,1.2314,1.2315,2436,25
1640049313199,1.2314,1.2315,0.0,0.0,0,0
1640049314239,1.2316,1.2317,1.2315,1.2316,2300,0
1640049315260,1.2318,1.2319,1.2316,1.2318,1132,963
1640049316301,1.2318,1.2319,1.2319,1.2319,44,0
1640049317303,1.2318,1.2319,1.2319,1.2319,40,0
1640049318345,1.232,1.2322,1.2319,1.2321,15334,0
1640049319382,1.2321,1.2322,1.232,1.2322,273,564
1640049320412,1.232,1.2321,1.232,1.2321,5,481
1640049321435,1.2321,1.2322,1.2321,1.2322,5412,40
1640049322491,1.2321,1.2322,0.0,0.0,0,0
1640049323516,1.2321,1.2322,0.0,0.0,0,0
1640049324582,1.2321,1.2322,0.0,0.0,0,0
1640049325662,1.2323,1.2324,1.2322,1.2324,2462,22
1640049326739,1.2323,1.2324,0.0,0.0,0,0
1640049327787,1.2322,1.2323,1.232,1.2324,5,8419
1640049328843,1.2322,1.2323,0.0,0.0,0,0
1640049329921,1.2322,1.2323,0.0,0.0,0,0
1640049330943,1.2323,1.2324,1.2322,1.2324,49,5
1640049331972,1.2325,1.2326,1.2324,1.2327,1944,0
1640049332991,1.2326,1.2327,1.2325,1.2327,1063,7
1640049334022,1.2326,1.2327,0.0,0.0,0,0
1640049335096,1.2326,1.2327,0.0,0.0,0,0
1640049336147,1.2323,1.2324,1.2325,1.2326,0,359
1640049337204,1.2323,1.2324,1.2324,1.2324,638,0
1640049338248,1.2323,1.2326,1.2324,1.2325,306,0
1640049339280,1.2325,1.2326,1.2324,1.2326,462,0
1640049340325,1.2326,1.2327,1.2326,1.2327,3361,0
1640049341361,1.2323,1.2324,1.2324,1.2326,6,460
1640049342394,1.2322,1.2323,1.2323,1.2323,5,653
1640049343476,1.2325,1.2327,1.2323,1.2327,25619,1640
1640049344487,1.2328,1.2329,1.2328,1.2328,3502,0
1640049345510,1.233,1.2331,1.2329,1.233,464,0
1640049346526,1.2335,1.2336,1.2331,1.2335,3335,0
1640049347564,1.2337,1.2338,1.2336,1.2338,5927,0
1640049348604,1.2337,1.2338,1.2337,1.2337,0,390
1640049349622,1.2332,1.2334,1.2333,1.2337,6205,4382
1640049350670,1.2333,1.2334,1.2332,1.2334,1712,60
1640049351828,1.2334,1.2335,1.2334,1.2334,470,0
1640049352954,1.2334,1.2335,1.2335,1.2335,656,0
1640049354032,1.2334,1.2335,1.2334,1.2335,176,269
1640049355057,1.2334,1.2335,1.2334,1.2334,0,6
1640049356131,1.2331,1.2332,1.2332,1.2336,3281,3564
1640049357183,1.2332,1.2333,1.2331,1.2333,878,1250
1640049358228,1.2334,1.2335,1.2333,1.2334,261,0
1640049359292,1.2334,1.2335,1.2334,1.2334,0,25
1640049360300,1.2334,1.2335,0.0,0.0,0,0
1640049361427,1.2334,1.2335,1.2335,1.2335,199,0
1640049362473,1.2334,1.2335,1.2335,1.2335,763,0
1640049363531,1.2331,1.2333,1.2331,1.2334,0,16336
1640049364556,1.233,1.2331,0.0,0.0,0,0
