timestamp,intensity,volatility,osi
1640048375091,7520,0.0009431036233863,27.84
1640048435492,7520,0.0009338962266559,27.84
1640048495763,7520,0.0009573812967509,27.84
1640048556918,7520,0.0009471955907728,27.84
1640048617085,7520,0.0009400797838481,27.84
1640048678344,7520,0.0009318222378366,27.84
1640048741492,7520,0.0009206622874969,27.84
1640048801911,7520,0.0009697758072251,27.84
1640048862567,7520,0.0009629500128629,27.84
1640048922790,7520,0.0009526571028211,27.84
1640048983969,7520,0.0009587129052968,27.84
1640049044879,7520,0.0009575011804892,27.84
1640049106080,7520,0.0009824501683715,27.84
1640049166142,7520,0.001013480565745,27.84
1640049227247,7520,0.0010132127121192,27.84
1640049287278,7520,0.0010036208955381,27.84
1640049348355,7520,0.0010829091871862,27.84
1640049409861,7520,0.0010797449034858,27.84
1640049470241,7520,0.001069787102392,27.84
1640049531046,7520,0.0010703440398471,27.84
1640049591066,7520,0.0010907075030194,27.84
1640049651115,7520,0.001087649969494,27.84
1640049711745,7520,0.0011270957490764,27.84
1640049772436,7520,0.0011207027153849,27.84
1640049833046,7520,0.0011114929899314,27.84
1640049893507,7520,0.0011097555483299,27.84
1640049957222,7520,0.0011171319845782,27.84
1640050017732,7520,0.001111733952415,27.84
1640050078119,7520,0.0011041470124036,27.84
1640050138871,7134,0.001100104890104,27.84
1640050200996,7134,0.0010942342001822,27.84
1640050262738,7134,0.0010994231866226,27.84
1640050323153,7134,0.0011106105898796,27.84
1640050383471,7134,0.0011025990375839,27.84
1640050445888,7134,0.0010970414759707,27.84
1640050506645,7134,0.0010903223454104,27.84
1640050568892,7134,0.0010827883244455,27.84
1640050630365,7134,0.0010816970431459,27.84
1640050690622,7134,0.00107461495304,27.84
1640050751833,7134,0.0010689870594788,27.84
1640050813977,7134,0.0010619309621727,27.84
1640050874593,7134,0.0010687715973362,27.84
1640050937900,7134,0.0010640693538221,27.84
1640051000125,7134,0.0010621509106346,27.84
1640051060553,7134,0.0010576211514526,27.84
1640051120687,7134,0.0010531844714313,27.84
1640051182106,7134,0.0010597687276465,27.84
1640051242989,7134,0.0010602625271629,27.84
1640051303047,7134,0.0010548358030653,27.84
1640051363079,7134,0.0010542072572205,27.84
1640051423548,7134,0.0010525439835034,27.84
1640051484565,7134,0.0010531016040751,27.84
1640051547034,7134,0.0010475892237982,27.84
1640051607280,7134,0.0010507621631917,27.84
1640051669915,7134,0.0010513219191939,27.84
1640051731895,7134,0.0010530698191269,27.84
1640051791972,7134,0.0010515258065017,27.84
1640051852556,7134,0.001046679336955,27.84
1640051914055,7134,0.0010472608648989,27.84
1640051975545,7515,0.0010562346230584,27.66
1640052036114,7515,0.0010528112168538,27.66
1640052097035,7515,0.0010606844707035,27.66
1640052157948,7515,0.0010552589391099,27.66
1640052219968,7515,0.0010511177312025,27.66
1640052280128,7515,0.0010506188652408,27.66
1640052341191,7515,0.0010454166822869,27.66
1640052403580,7515,0.0010429266889054,27.66
1640052464843,7515,0.0010408407729153,27.66
1640052525191,7515,0.0010360102835842,27.66
1640052585509,7515,0.0010531811222151,27.66
1640052645901,7515,0.0010510776141386,27.66
1640052706232,7515,0.001054872982565,27.66
1640052767242,7515,0.0010510796918019,27.66
1640052827405,7515,0.0010473426399725,27.66
1640052888427,7515,0.0010469218951504,27.66
1640052949754,7515,0.0010432753344268,27.66
1640053009962,7515,0.0010447786846983,27.66
1640053072272,7515,0.0010422278724219,27.66
1640053132323,7515,0.0010376888963528,27.66
1640053193415,7515,0.0010382468500983,27.66
1640053254386,7515,0.0010364270521762,27.66
1640053314525,7515,0.0010330231130699,27.66
1640053375266,7515,0.0010319678420952,27.66
1640053435392,7515,0.001029093588283,27.66
1640053495552,7515,0.0010249593487873,27.66
1640053555554,7515,0.0010207556753505,27.66
1640053615786,7515,0.0010166039575751,27.66
1640053676172,7515,0.0010226897422694,27.66
1640053736392,7515,0.0010233365731446,27.66
1640053797094,7601,0.0010211562074433,27.66
1640053858871,7601,0.0010258368631713,27.66
1640053919027,7601,0.0010242531367728,27.66
1640053979642,7601,0.0010339736759221,27.66
1640054039869,7601,0.001030560169794,27.66
1640054102877,7601,0.0010265888248878,27.66
1640054163776,7601,0.0010333928407719,27.66
1640054224865,7601,0.0010413241861236,27.66
1640054286778,7601,0.0010444806602441,27.66
1640054347071,7601,0.0010475807239226,27.66
1640054407973,7601,0.0010442612132419,27.66
1640054470206,7601,0.0010412979739672,27.66
1640054531921,7601,0.0010383697216464,27.66
1640054595596,7601,0.0010346006721071,27.66
1640054656658,7601,0.0010310119356781,27.66
1640054716766,7601,0.0010285739087271,27.66
1640054777119,7601,0.0010298901683505,27.66
1640054837252,7601,0.0010262573874774,27.66
1640054899540,7601,0.0010267914585253,27.66
1640054967243,7601,0.0010233557272251,27.66
1640055032562,7601,0.0010231964789241,27.66
1640055093733,7601,0.0010197199454375,27.66
1640055154428,7601,0.0010210538773287,27.66
1640055214650,7601,0.0010223680777911,27.66
1640055274727,7601,0.0010362069446856,27.66
1640055335612,7601,0.00103287624299,27.66
1640055396168,7601,0.0010333351135781,27.66
1640055456375,7601,0.0010353139620424,27.66
1640055516812,7601,0.001033064481154,27.66
1640055579149,7601,0.0010342353973553,29.65
1640055639781,8185,0.0010328944610858,29.65
1640055700653,8185,0.0010419563699709,29.65
1640055760720,8185,0.0010386633988212,29.65
1640055821770,8185,0.0010356463156595,29.65
1640055881858,8185,0.0010392153547071,29.65
1640055942770,8185,0.0010389748553261,29.65
1640056004214,8185,0.0010368220676663,29.65
1640056065109,8185,0.0010379080337003,29.65
1640056126569,8185,0.0010397173990746,29.65
1640056188974,8185,0.0010372777458092,29.65
1640056249654,8185,0.0010345984435489,29.65
1640056315525,8185,0.0010329073483916,29.65
1640056376503,8185,0.001029810167961,29.65
1640056436564,8185,0.00103024211209,29.65
1640056498086,8185,0.0010276502755107,29.65
1640056560042,8185,0.001024881628746,29.65
1640056620260,8185,0.0010225955966978,29.65
1640056681010,8185,0.0010244255338571,29.65
1640056741742,8185,0.0010235027129754,29.65
1640056804618,8185,0.0010206207261596,29.65
1640056865062,8185,0.0010179531283062,29.65
1640056925837,8185,0.0010162388878962,29.65
1640056985914,8185,0.0010134755884388,29.65
1640057046032,8185,0.0010113193629771,29.65
1640057106760,8185,0.0010093280025639,29.65
1640057166851,8185,0.0010065480062514,29.65
1640057226854,8185,0.001003791156109,29.65
1640057286912,8185,0.0010020171962289,29.65
1640057347266,8185,0.0009999590155535,29.65
1640057407306,8185,0.0009972380335968,29.65
1640057469305,8088,0.0009946002864114,29.65
1640057530736,8088,0.0009923565414589,29.65
1640057590837,8088,0.000990131790504,29.65
1640057653747,8088,0.0009878248186497,29.65
1640057714211,8088,0.0009987094847454,29.65
1640057774584,8088,0.0009961835066629,29.65
1640057834681,8088,0.000993572274107,29.65
1640057895008,8088,0.0009912179481997,29.65
1640057955331,8088,0.000988967640936,29.65
1640058015553,8088,0.0009878840764247,29.65
1640058075780,8088,0.000985373806462,29.65
1640058137176,8088,0.0009831747825596,29.65
1640058197346,8088,0.0009812001870701,29.65
1640058259205,8088,0.000978725722766,29.65
1640058319553,8088,0.0009762892519727,29.65
1640058380048,8088,0.0009738518881226,29.65
1640058440379,8088,0.000971944760218,29.65
1640058501000,8088,0.0009695359714832,29.65
1640058562600,8088,0.0009674569274153,29.65
1640058622940,8088,0.0009659966406794,29.65
1640058683778,8088,0.0009640425554821,29.65
1640058743802,8088,0.0009761289207388,29.65
1640058803806,8088,0.0009742704442559,29.65
1640058863926,8088,0.0009843669871468,29.65
1640058924024,8088,0.0009839805401273,29.65
1640058984041,8088,0.000986377451177,29.65
1640059044064,8088,0.0009901828544809,29.65
1640059104305,8088,0.0009878984746553,29.65
1640059164457,8088,0.0009905717512458,29.65
1640059224467,8088,0.0009928776736166,67.85
1640059284632,8088,0.0009915573843765,67.85
1640059344687,8088,0.0009893120973312,67.85
1640059404775,8088,0.0009898505682502,67.85
1640059464814,8088,0.000988714994045,67.85
1640059524867,8088,0.0009866633499882,67.85
1640059585169,8088,0.000984562662487,67.85
1640059645249,8088,0.0009859246986013,67.85
1640059706397,8088,0.0009853544658768,67.85
1640059766426,8088,0.0009838323073413,67.85
1640059826757,8088,0.0009818384268445,67.85
1640059886777,8088,0.0009799319704278,67.85
1640059947004,8088,0.0009778520799514,67.85
1640060007107,8088,0.0009757466360676,67.85
1640060067161,8088,0.0009747075584817,67.85
1640060129041,8088,0.0009727790739101,67.85
1640060189176,8088,0.000970662033155,67.85
1640060250465,8088,0.0009687598623991,67.85
1640060310813,8088,0.0009669428360952,67.85
1640060370837,8088,0.0009648878606817,67.85
1640060431240,8088,0.0009628294751878,67.85
1640060491542,8088,0.0009645139885157,67.85
1640060552816,8088,0.0009624903697515,67.85
1640060612895,8088,0.0009604796182358,67.85
1640060672927,8088,0.0009585966633705,67.85
1640060733071,8088,0.000961176275527,67.85
1640060793079,8088,0.0014142319764922,67.85
1640060853626,8088,0.0014121215021836,67.85
1640060914446,8088,0.0014120716274296,67.85
1640060974464,8088,0.0014103453740393,67.85
1640061034751,8088,0.0014074669142662,67.85
1640061094898,8001,0.0014049547890176,67.85
1640061155239,8001,0.0014021107781292,67.85
1640061215602,8001,0.001400195185931,67.85
1640061276519,8001,0.0013980761551088,67.85
1640061336526,8001,0.0013959709666604,67.85
1640061397138,8001,0.0013978197308666,67.85
1640061457146,8001,0.0014013155458226,67.85
1640061517164,8001,0.0014005738619784,67.85
1640061577526,8001,0.0014018832618452,67.85
1640061637719,8001,0.0013991525838005,67.85
1640061697827,8001,0.0013979536865733,67.85
1640061757897,8001,0.00139590640356,67.85
1640061818431,8001,0.001393690618773,67.85
1640061878525,8001,0.0013910427743243,67.85
1640061939342,8001,0.001389035942451,67.85
1640061999510,8001,0.0013872496309105,67.85
1640062060092,8001,0.0013852673089484,67.85
1640062120413,8001,0.0013828419679764,67.85
1640062181013,8001,0.0013813257532174,67.85
1640062241628,8001,0.0013790505077879,67.85
1640062301648,8001,0.0013764597739977,67.85
1640062361659,8001,0.0013739931378493,67.85
1640062422069,8001,0.0013719091921335,67.85
1640062482284,8001,0.0013728307175702,67.85
1640062543442,8001,0.0013706156866878,67.85
1640062604544,8001,0.0013681292986329,67.85
1640062664617,8001,0.0013669531395072,67.85
1640062724647,8001,0.0013657846268935,67.85
1640062784662,8001,0.0013641404329756,67.85
1640062845056,8001,0.0013703354855894,69.95
1640062905746,8394,0.0013678716048199,69.95
1640062965868,8394,0.0013658688905187,69.95
1640063026912,8394,0.0013744903880037,69.95
1640063087405,8394,0.0013837637653419,69.95
1640063150111,8394,0.0013812946500997,69.95
1640063210284,8394,0.0013821373200331,69.95
1640063270524,8394,0.001381853672772,69.95
1640063330579,8394,0.0013794014016776,69.95
1640063390773,8394,0.0013777830812872,69.95
1640063451157,8394,0.0013756752503284,69.95
1640063511923,8394,0.0013734640544156,69.95
1640063572447,8394,0.0013735577305526,69.95
1640063632723,8394,0.0013717851235113,69.95
1640063695943,8394,0.0013695155773727,69.95
1640063756074,8394,0.0013672580091803,69.95
1640063817707,8394,0.0013655174590734,69.95
1640063879028,8394,0.0013633708478357,69.95
1640063939141,8394,0.0013622918340413,69.95
1640064000123,8394,0.0013602787809029,69.95
1640064061362,8394,0.0013585769365468,69.95
1640064121587,8394,0.0013564722441511,69.95
1640064182408,8394,0.0013569826922356,69.95
1640064242533,8394,0.0013637255863066,69.95
1640064302644,8394,0.0013616327053067,69.95
1640064363179,8394,0.0013608415161608,69.95
1640064423298,8394,0.0013586819593512,69.95
1640064484737,8394,0.0013576472222438,69.95
1640064544828,8394,0.0013559960049951,69.95
1640064605531,8394,0.0013547435303419,69.95
1640064665862,8394,0.0013568963715619,69.95
1640064726198,8727,0.0013548637339987,69.95
1640064786549,8727,0.0013526480927222,69.95
1640064846670,8727,0.0013512149196029,69.95
1640064906854,8727,0.0013490316392273,69.95
1640064966879,8727,0.0013470391839537,69.95
1640065027596,8727,0.0013468900857997,69.95
1640065088927,8727,0.001344770746309,69.95
1640065149957,8727,0.0013428049001995,69.95
1640065210085,8727,0.001345181318467,69.95
1640065272392,8727,0.0013448888856145,69.95
1640065332588,8727,0.0013435087915662,69.95
1640065394317,8727,0.0013416761668557,69.95
1640065455748,8727,0.0013405116966415,69.95
1640065516140,8727,0.0013385902656791,69.95
1640065578566,8727,0.0013374401225866,69.95
1640065639358,8727,0.0013353955406545,69.95
1640065699536,8727,0.0013338861782208,69.95
1640065760072,8727,0.0013318599519758,69.95
1640065821324,8727,0.0013303669272011,69.95
1640065882759,8727,0.0013290556379959,69.95
1640065944747,8727,0.0013270557347289,69.95
1640066004794,8727,0.0013255077739853,69.95
1640066065089,8727,0.0013266211016716,69.95
1640066125640,8727,0.001324700840595,69.95
1640066186289,8727,0.0013229733023241,69.95
1640066246380,8727,0.0013217011535872,69.95
1640066306484,8727,0.0013198862442972,69.95
1640066366679,8727,0.0013195414957613,69.95
1640066427211,8727,0.001317661273329,69.95
1640066487583,8727,0.0013173246795597,63.82
1640066547588,8833,0.0013248655240123,63.82
1640066607704,8833,0.001328829819983,63.82
1640066668719,8833,0.0013279745180065,63.82
1640066728727,8833,0.0013271237306482,63.82
1640066788829,8833,0.0013252650427851,63.82
1640066849517,8833,0.0013237146929135,63.82
1640066910468,8833,0.0013218721727367,63.82
1640066970581,8833,0.0013248137902918,63.82
1640067030727,8833,0.0013229252417787,63.82
1640067090794,8833,0.0013212760305239,63.82
1640067151309,8833,0.0013194586065855,63.82
1640067212910,8833,0.0013177259707936,63.82
1640067275168,8833,0.0013158368109185,63.82
1640067335726,8833,0.0013146445260544,63.82
1640067396295,8833,0.0013162909163647,63.82
1640067456876,8833,0.0013145830409025,63.82
1640067517737,8833,0.0013140214692509,63.82
1640067578761,8833,0.0013200217370799,63.82
1640067639143,8833,0.0013196971495658,63.82
1640067700066,8833,0.0013182176376126,63.82
1640067762163,8833,0.0013181666739383,63.82
1640067825474,8833,0.0013164100399413,63.82
1640067887151,8833,0.0013145756896038,63.82
1640067948221,8833,0.0013127490452732,63.82
1640068009884,8833,0.0013113018473329,63.82
1640068070654,8833,0.0013095217532451,63.82
1640068131787,8833,0.0013083844259598,63.82
1640068192012,8833,0.0013068402701603,63.82
1640068252162,8833,0.001305893612329,63.82
1640068312368,8833,0.0013078955078065,63.82
1640068372900,9051,0.0013061970314357,63.82
1640068433535,9051,0.0013045056430225,63.82
1640068495607,9051,0.0013027690065658,63.82
1640068557042,9051,0.0013018433836879,63.82
1640068617711,9051,0.0013001198610576,63.82
1640068678334,9051,0.0012983721616971,63.82
1640068738803,9051,0.0012983765521446,63.82
1640068799505,9051,0.0012983809189728,63.82
1640068859850,9051,0.0012986639866162,63.82
1640068920175,9051,0.0012981733361516,63.82
1640068982524,9051,0.0012974693316863,63.82
1640069044124,9051,0.0012961122308247,63.82
1640069104635,9051,0.0012948940740963,63.82
1640069165385,9051,0.0012931903455567,63.82
1640069226269,9051,0.0012923103199544,63.82
1640069286423,9051,0.0012907719028794,63.82
1640069348201,9051,0.0012893313492209,63.82
1640069408214,9051,0.001287896739056,63.82
1640069469407,9051,0.0012876750559082,63.82
1640069529626,9051,0.0012864933362309,63.82
1640069590725,9051,0.0012850741552204,63.82
1640069650816,9051,0.0012834488430173,63.82
1640069711559,9051,0.0012818298854751,63.82
1640069771721,9051,0.001280187043357,63.82
1640069835735,9051,0.001279756363381,63.82
1640069897026,9051,0.001279808679612,63.82
1640069957208,9051,0.0012789811722127,63.82
1640070017916,9051,0.0012779876959581,63.82
1640070078284,9051,0.0012767195160434,63.82
1640070139020,9051,0.0012755858612183,58.97
1640070199022,9007,0.0012762038248381,58.97
1640070259097,9007,0.0012746013438948,58.97
1640070319495,9007,0.0012732423554523,58.97
1640070380330,9007,0.0012716813149661,58.97
1640070440386,9007,0.0012708856659589,58.97
1640070500553,9007,0.0012693846934637,58.97
1640070560723,9007,0.001267810766499,58.97
1640070621655,9007,0.001267891853134,58.97
1640070682185,9007,0.0012664745620726,58.97
1640070742655,9007,0.0012653855124227,58.97
1640070803519,9007,0.0012639102562296,58.97
1640070865625,9007,0.0012625088401387,58.97
1640070926070,9007,0.0012614341902042,58.97
1640070986866,9007,0.001260509739717,58.97
1640071047480,9007,0.0012608696110379,58.97
1640071109963,9007,0.0012593697610796,58.97
1640071170347,9007,0.0012597309796616,58.97
1640071230768,9007,0.0012598302782903,58.97
1640071291562,9007,0.0012589197490804,58.97
1640071352389,9007,0.0012576384970936,58.97
1640071414067,9007,0.0012567360670278,58.97
1640071476258,9007,0.0012554640193355,58.97
1640071536566,9007,0.001253957763221,58.97
1640071596984,9007,0.0012538314485748,58.97
1640071657182,9007,0.0012523724502625,58.97
1640071717378,9007,0.0012527446059029,58.97
1640071777629,9007,0.0012513413230962,58.97
1640071837668,9007,0.0012498672915335,58.97
1640071898040,9007,0.0012484269061313,58.97
1640071958052,9007,0.0012469916629822,58.97
1640072019745,9427,0.0012456087573835,58.97
1640072079779,9427,0.0012441553501115,58.97
1640072141768,9427,0.0012428483942732,58.97
1640072202305,9427,0.0012419977500844,58.97
1640072262896,9427,0.0012405587507192,58.97
1640072322912,9427,0.0012393499796639,58.97
1640072382933,9427,0.0012382487071621,58.97
1640072444144,9427,0.0012374134836947,58.97
1640072505283,9427,0.0012360678546663,58.97
1640072565813,9427,0.0012346803164669,58.97
1640072626516,9427,0.001234601708775,58.97
1640072687910,9427,0.0012336406551565,58.97
1640072748532,9427,0.0012329802409607,58.97
1640072810516,9427,0.0012319055662675,58.97
1640072871799,9427,0.0012312511924303,58.97
1640072932402,9427,0.0012299990761267,58.97
1640072992651,9427,0.001228935900164,58.97
1640073053086,9427,0.0012277752753239,58.97
1640073113264,9427,0.0012266187995698,58.97
1640073173387,9427,0.0012254664491604,58.97
1640073233934,9427,0.001224097925142,58.97
1640073294540,9427,0.001222734016594,58.97
1640073354692,9427,0.0012218142156762,58.97
1640073415481,9427,0.0012213639550577,58.97
1640073478535,9427,0.0012200852502253,58.97
1640073539605,9427,0.0012187379629035,58.97
1640073599667,9427,0.0012174680206784,58.97
1640073660321,9427,0.001216857078889,58.97
1640073720666,9427,0.001217554636802,58.97
1640073781145,9427,0.0012188271606659,57.0
1640073841844,9711,0.0012192548616193,57.0
1640073901949,9711,0.0012183582928779,57.0
1640073962349,9711,0.0012172964807723,57.0
1640074023443,9711,0.0012166153206449,57.0
1640074083936,9711,0.0012153251624749,57.0
1640074143983,9711,0.0012157570552504,57.0
1640074204089,9711,0.0012348430305894,57.0
1640074264672,9711,0.0012335409910592,57.0
1640074324933,9711,0.0012329178371199,57.0
1640074385310,9711,0.0012316672888182,57.0
1640074445334,9711,0.0012304208564027,57.0
1640074505495,9711,0.0012305743800035,57.0
1640074565596,9711,0.0012309620895677,57.0
1640074626116,9711,0.0012303498217014,57.0
1640074686187,9711,0.0012290461224063,57.0
1640074747133,9711,0.0012278765618187,57.0
1640074807737,9711,0.0012269964017271,57.0
1640074869289,9711,0.0012262489309589,57.0
1640074931533,9711,0.0012258146533966,57.0
1640074991783,9711,0.0012264576275747,57.0
1640075051867,9711,0.0012251745310685,57.0
1640075113780,9711,0.0012238954890296,57.0
1640075173928,9711,0.0012236488719583,57.0
1640075234057,9711,0.0012223767917137,57.0
1640075294782,9711,0.0012221340724417,57.0
1640075355120,9711,0.0012225315265191,57.0
1640075415155,9711,0.0012213962222836,57.0
1640075475258,9711,0.0012228800777865,57.0
1640075535562,9711,0.0012216219744451,57.0
1640075596417,9711,0.0012206640246837,57.0
1640075656776,10627,0.0012194387757632,57.0
1640075717362,10627,0.0012181835631035,57.0
1640075780165,10627,0.0012171431188086,57.0
1640075841485,10627,0.0012159038330178,57.0
1640075902364,10627,0.0012148703718709,57.0
1640075962820,10627,0.0012173323125521,57.0
1640076022926,10627,0.0012160920347848,57.0
1640076083728,10627,0.0012153908000095,57.0
1640076143756,10627,0.0012141763207751,57.0
1640076204405,10627,0.001213115739561,57.0
1640076264756,10627,0.0012124230684747,57.0
1640076324872,10627,0.0012112085739778,57.0
1640076385158,10627,0.0012099977551237,57.0
1640076446076,10627,0.0012104091710846,57.0
1640076506337,10627,0.0012092288736785,57.0
1640076566905,10627,0.001208317011384,57.0
1640076627195,10627,0.0012077800027033,57.0
1640076688689,10627,0.0012065846897527,57.0
1640076748767,10627,0.001205392951281,57.0
1640076809583,10627,0.0012050200880891,57.0
1640076870312,10627,0.0012044924159985,57.0
1640076930906,10627,0.0012041225299751,57.0
1640076990995,10627,0.0012039260234011,57.0
1640077051464,10627,0.0012039183075851,57.0
1640077111953,10627,0.0012027677642402,57.0
1640077172856,10627,0.0012045298488882,57.0
1640077233329,10627,0.0012045210008494,57.0
1640077293650,10627,0.0012033522512651,57.0
1640077353732,10627,0.0012064600320635,57.0
1640077413833,10627,0.0012052939322152,54.86
1640077474656,10779,0.0012041231753268,54.86
1640077535698,10779,0.0012041151983314,54.86
1640077596098,10779,0.0012032395022631,54.86
1640077656601,10779,0.0012021096320916,54.86
1640077717299,10779,0.0012048273167547,54.86
1640077777377,10779,0.0012038679649044,54.86
1640077837755,10779,0.0012033582248335,54.86
1640077898523,10779,0.0012022368997907,54.86
1640077959150,10779,0.0012020497153464,54.86
1640078019656,10779,0.0012009101192444,54.86
1640078080503,10779,0.0011997976019788,54.86
1640078141319,10779,0.0011996157496332,54.86
1640078201479,10779,0.0011985482996381,54.86
1640078261655,10779,0.0011974206812473,54.86
1640078322061,10779,0.001196319971613,54.86
1640078382517,10779,0.0011952224076604,54.86
1640078444102,10779,0.0011942225957861,54.86
1640078504248,10779,0.0011930996781934,54.86
1640078564378,10779,0.0011919799222656,54.86
1640078625368,10779,0.0011909340745975,54.86
1640078687205,10779,0.0011904565997497,54.86
1640078747774,10779,0.0011893455807492,54.86
1640078813270,10779,0.0011883630354023,54.86
1640078875375,10779,0.0011874537752693,54.86
1640078935509,10779,0.0011872974878585,54.86
1640078996792,10779,0.0011862288518194,54.86
1640079057800,10779,0.001185763517801,54.86
1640079118832,10779,0.0011850506396142,54.86
1640079181130,10779,0.0011843399604019,54.86
1640079241815,10779,0.001183258679639,54.86
1640079302910,10872,0.0011821726227974,54.86
1640079363001,10872,0.0011822055194042,54.86
1640079423021,10872,0.001183103933614,54.86
1640079483117,10872,0.0011911761194068,54.86
1640079543205,10872,0.0011900926782725,54.86
1640079603331,10872,0.0011890790936304,54.86
1640079663659,10872,0.0011881217925067,54.86
1640079724023,10872,0.0011870756297408,54.86
1640079784215,10872,0.0011861924132406,54.86
1640079844326,10872,0.0011878673666981,54.86
1640079904402,10872,0.0011898292708173,54.86
1640079964505,10872,0.0011938616986048,54.86
1640080024588,10872,0.001193468535581,54.86
1640080085336,10872,0.0011930766528775,54.86
1640080145344,10872,0.001192326014055,54.86
1640080205914,10872,0.001195392941971,54.86
1640080266535,10872,0.0011949313631195,54.86
1640080326884,10872,0.0011939870109035,54.86
1640080387171,10872,0.0011968579349775,54.86
1640080447655,10872,0.0011958260743101,54.86
1640080508508,10872,0.0011997639885904,54.86
1640080568665,10872,0.0011990647120758,54.86
1640080628673,10872,0.0011981908761384,54.86
1640080688908,10872,0.0011974003531124,54.86
1640080749519,10872,0.0011977864763313,54.86
1640080809640,10872,0.001198383414028,54.86
1640080869677,10872,0.0011978015471729,54.86
1640080930127,10872,0.0011967613639476,54.86
1640080992406,10872,0.0011959793025577,54.86
1640081052752,10872,0.0011958187899498,51.57
1640081112909,10369,0.001198791057691,51.57
1640081173678,10369,0.0011988818575378,51.57
1640081233944,10369,0.0011984283468775,51.57
1640081293980,10369,0.001197420092905,51.57
1640081354462,10369,0.0011987219734378,51.57
1640081414739,10369,0.0011976953443722,51.57
1640081475409,10369,0.0011992575155654,51.57
1640081535503,10369,0.0011992587917061,51.57
1640081595612,10369,0.0011990955711198,51.57
1640081655817,10369,0.0011981828421771,51.57
1640081715952,10369,0.0011975080964342,51.57
1640081778579,10369,0.0011971988067715,51.57
1640081839197,10369,0.0011967552668169,51.57
1640081899533,10369,0.0011960855940522,51.57
1640081960594,10369,0.0011951337381031,51.57
1640082022983,10369,0.0011941488707124,51.57
1640082085200,10369,0.0011937123768222,51.57
1640082145250,10369,0.0011927108290032,51.57
1640082205260,10369,0.0011917684225631,51.57
1640082266674,10369,0.0011907718968961,51.57
1640082327155,10369,0.0011897778904364,51.57
1640082387278,10369,0.0011890333618408,51.57
1640082447875,10369,0.0011880653022789,51.57
1640082508158,10369,0.0011874166050632,51.57
1640082571891,10369,0.001186453167441,51.57
1640082633974,10369,0.0011855765123629,51.57
1640082694093,10369,0.0011848425690687,51.57
1640082754711,10369,0.0011840334522076,51.57
1640082815071,10369,0.001183114337524,51.57
1640082877467,10369,0.0011822465705775,51.57
1640082938673,10426,0.0011818356642063,51.57
1640082999097,10426,0.001180860149666,51.57
1640083059240,10426,0.0011799149719456,51.57
1640083121422,10426,0.0011790558499784,51.57
1640083181607,10426,0.0011787841276944,51.57
1640083241775,10426,0.001178158468564,51.57
1640083302295,10426,0.001177888899087,51.57
1640083365630,10426,0.0011774883261289,51.57
1640083427282,10426,0.0011768671603939,51.57
1640083490363,10426,0.0011767460517708,51.57
1640083550726,10426,0.001175816616419,51.57
1640083611313,10426,0.0011748618321638,51.57
1640083672213,10426,0.0011744683958991,51.57
1640083732699,10426,0.0011738555674374,51.57
1640083793654,10426,0.0011740702849172,51.57
1640083854292,10426,0.0011732330571764,51.57
1640083914418,10426,0.0011738323763063,51.57
1640083975288,10426,0.0011728952552307,51.57
1640084036359,10426,0.0011719809409041,51.57
1640084096546,10426,0.0011711509515353,51.57
1640084156706,10426,0.0011702204920441,51.57
1640084218249,10426,0.0011694561964978,51.57
1640084278615,10426,0.0011686938414554,51.57
1640084339085,10426,0.001168199251175,51.57
1640084400281,10426,0.0011690123288995,51.57
1640084461344,10426,0.0011680909673208,51.57
1640084521716,10426,0.0011674976287572,51.57
1640084581750,10426,0.0011671228011273,51.57
1640084643806,10426,0.0011671754701839,51.57
1640084703942,10426,0.0011662613837137,50.91
1640084764272,10492,0.0011655859261251,50.91
1640084824893,10492,0.0011647772211211,50.91
1640084885805,10492,0.0011638693383428,50.91
1640084946605,10492,0.0011629568573414,50.91
1640085008834,10492,0.0011620734531367,50.91
1640085069796,10492,0.0011615957504657,50.91
1640085131163,10492,0.0011642389866761,50.91
1640085192900,10492,0.0011634992606766,50.91
1640085253135,10492,0.0011626008543351,50.91
1640085314112,10492,0.0011628267923763,50.91
1640085374346,10492,0.0011622518906692,50.91
1640085434438,10492,0.0011615185693723,50.91
1640085495260,10492,0.0011606272620535,50.91
1640085555374,10492,0.0011597579834805,50.91
1640085616292,10492,0.0011591034471662,50.91
1640085676429,10492,0.0011590148336476,50.91
1640085736686,10492,0.0011581508382137,50.91
1640085796962,10492,0.0011620830936574,50.91
1640085857031,10492,0.0011613577890736,50.91
1640085917110,10492,0.0011604959131879,50.91
1640085977148,10492,0.0011600309287795,50.91
1640086037507,10492,0.001159383114987,50.91
1640086097601,10492,0.00115873691271,50.91
1640086158919,10492,0.0011583875440143,50.91
1640086219524,10492,0.0011575083123552,50.91
1640086279610,10492,0.0011566376295368,50.91
1640086340284,10492,0.0011561811781865,50.91
1640086400475,10492,0.0011574238244331,50.91
1640086460808,10492,0.0011565767087651,50.91
1640086520843,10492,0.0011559400024035,50.91
1640086581216,11198,0.001155129130561,50.91
1640086641650,11198,0.0011545802508078,50.91
1640086701684,11198,0.0011542406007058,50.91
1640086761814,11198,0.0011534801546042,50.91
1640086821917,11198,0.0011532659803898,50.91
1640086882176,11198,0.0011530524058976,50.91
1640086942919,11198,0.0011522510851972,50.91
1640087006145,11198,0.0011519167514976,50.91
1640087066415,11198,0.0011510670803549,50.91
1640087126937,11198,0.0011502193056276,50.91
1640087187305,11198,0.0011495989638903,50.91
1640087250398,11198,0.0011488513687399,50.91
1640087311200,11198,0.001148009001555,50.91
1640087373428,11198,0.0011471685034123,50.91
1640087435623,11198,0.0011463234436266,50.91
1640087497321,11198,0.0011455059247028,50.91
1640087557325,11198,0.0011474897585433,50.91
1640087617431,11198,0.001147057308598,50.91
1640087677586,11198,0.0011523386367823,50.91
1640087738819,11198,0.0011515975428007,50.91
1640087798866,11198,0.0011530442094321,50.91
1640087860024,11198,0.0011528358999636,50.91
1640087921350,11198,0.0011521544908943,50.91
1640087981791,11198,0.0011520803983169,50.91
1640088043559,11198,0.0011526614624531,50.91
1640088105646,11198,0.0011545969872204,50.91
1640088166495,11198,0.001153986985357,50.91
1640088226841,11198,0.0011539107918755,50.91
1640088287303,11198,0.0011551034885515,50.91
1640088347598,11198,0.001154495660688,48.82
1640088408055,11023,0.0011536897329871,48.82
1640088468209,11023,0.0011530849426895,48.82
1640088528857,11023,0.0011528798698308,48.82
1640088589168,11023,0.0011522775503361,48.82
1640088649207,11023,0.0011517154587197,48.82
1640088709667,11023,0.0011510181828028,48.82
1640088769891,11023,0.0011510895415507,48.82
1640088832337,11023,0.0011504922766505,48.82
1640088893612,11023,0.0011504220265886,48.82
1640088953879,11023,0.0011496293869211,48.82
1640089014599,11023,0.0011488137575975,48.82
1640089075040,11023,0.0011484994521119,48.82
1640089135127,11023,0.0011479888323779,48.82
1640089195527,11023,0.0011477932647175,48.82
1640089255778,11023,0.0011474814513712,48.82
1640089316259,11023,0.0011521871424675,48.82
1640089376347,11023,0.001151767430423,48.82
1640089436783,11023,0.0011509827261757,48.82
1640089496876,11023,0.0011502728501244,48.82
1640089557643,11023,0.0011494731468834,48.82
1640089618328,11023,0.0011488881825243,48.82
1640089679456,11023,0.0011482376586188,48.82
1640089740123,11023,0.0011475338908648,48.82
1640089800159,11023,0.0011503738643828,48.82
1640089860162,11023,0.0011521130131167,48.82
1640089920229,11023,0.0011513669412195,48.82
1640089980402,11023,0.0011505682127563,48.82
1640090040463,11023,0.0011497771673789,48.82
1640090100697,11023,0.0011494691781098,48.82
1640090160698,11023,0.0011521329007516,48.82
1640090221353,10597,0.0011530678719144,48.82
1640090281819,10597,0.0011531338304177,48.82
1640090342489,10597,0.0011524896798554,48.82
1640090402533,10597,0.0011557221471091,48.82
1640090462572,10597,0.0011549529530379,48.82
1640090523538,10597,0.0011544523697288,48.82
1640090584015,10597,0.0011567945948223,48.82
1640090644303,10597,0.0011560573425375,48.82
1640090704321,10597,0.001155362962169,48.82
1640090764391,10597,0.0011552893405941,48.82
1640090824493,10597,0.001156204793196,48.82
1640090884686,10597,0.0011770939944367,48.82
1640090944889,10597,0.0011766642130552,48.82
1640091005024,10597,0.0011765637118412,48.82
1640091065962,10597,0.0011759112436934,48.82
1640091126051,10597,0.0011752601782101,48.82
1640091186313,10597,0.0011758463802093,48.82
1640091246507,10597,0.0011751971217343,48.82
1640091306606,10597,0.0011756945772165,48.82
1640091366743,10597,0.0011750772109154,48.82
1640091427210,10597,0.0011759388652328,48.82
1640091487223,10597,0.0011787097048741,48.82
1640091547384,10597,0.0011779261607421,48.82
1640091607521,10597,0.0011778892682855,48.82
1640091667667,10597,0.0011792571941862,48.82
1640091727865,10597,0.0011784764175267,48.82
1640091788329,10597,0.0011777424295488,48.82
1640091848343,10597,0.0011770282968994,48.82
1640091908401,10597,0.0011805079150869,48.82
1640091968595,10597,0.0011797599562523,43.53
1640092029306,9885,0.001179215700741,43.53
1640092089659,9885,0.0011787946718181,43.53
1640092150401,9885,0.0011791142590653,43.53
1640092210496,9885,0.0011784257868412,43.53
1640092271708,9885,0.0011777387279014,43.53
1640092331730,9885,0.0011770139515338,43.53
1640092392871,9885,0.0011776694730049,43.53
1640092452888,9885,0.0011770358472989,43.53
1640092513030,9885,0.001176821251032,43.53
1640092573242,9885,0.0011761009101201,43.53
1640092634221,9885,0.0011761324677515,43.53
1640092694363,9885,0.0011753700600525,43.53
1640092755253,9885,0.0011768214543134,43.53
1640092815326,9885,0.0011765033600674,43.53
1640092875752,9885,0.0011757879244034,43.53
1640092936650,9885,0.0011776958573704,43.53
1640092996745,9885,0.0011773781023314,43.53
1640093056947,9885,0.0011766648441422,43.53
1640093117679,9885,0.0011761729990413,43.53
1640093177941,9885,0.0011788428829303,43.53
1640093238068,9885,0.0011781039989143,43.53
1640093298187,9885,0.0011775416686653,43.53
1640093359137,9885,0.0011767891441684,43.53
1640093419879,9885,0.0011761200426639,43.53
1640093480060,9885,0.0011771328933148,43.53
1640093540545,9885,0.0011766450568219,43.53
1640093600668,9885,0.0011760875044748,43.53
1640093660678,9885,0.0011782095523974,43.53
1640093723520,9885,0.0011774623664988,43.53
1640093783533,9885,0.0011776267859295,43.53
1640093844717,9858,0.001177936769036,43.53
1640093905159,9858,0.0011778408892143,43.53
1640093966604,9858,0.0011780041484751,43.53
1640094028397,9858,0.0011772564466235,43.53
1640094089508,9858,0.0011766448186053,43.53
1640094150196,9858,0.0011766746751499,43.53
1640094210267,9858,0.0011759360260212,43.53
1640094272343,9858,0.0011759667203083,43.53
1640094332437,9858,0.0011754181461978,43.53
1640094392727,9858,0.0011757279753583,43.53
1640094453278,9858,0.0011756357840995,43.53
1640094513340,9858,0.0011749184725271,43.53
1640094573368,9858,0.0011745230485043,43.53
1640094633922,9858,0.0011749873352914,43.53
1640094695882,9858,0.0011743850413223,43.53
1640094758729,9858,0.0011737360222809,43.53
1640094819942,9858,0.0011731946845218,43.53
1640094880028,9858,0.0011728936657353,43.53
1640094941111,9858,0.0011725933196977,43.53
1640095001789,9858,0.0011718638681063,43.53
1640095062178,9858,0.0011713266884947,43.53
1640095122327,9858,0.0011708978866844,43.53
1640095182484,9858,0.0011703958808744,43.53
1640095243304,9858,0.0011701487698426,43.53
1640095303477,9858,0.0011699022177135,43.53
1640095364038,9858,0.0011710842290821,43.53
1640095424509,9858,0.0011703672740228,43.53
1640095484609,9858,0.0011698358901368,43.53
1640095545481,9858,0.0011692477160132,43.53
1640095605505,9858,0.0011686606921034,42.63
1640095666380,9865,0.0011679645132856,42.63
1640095727699,9865,0.0011672538788314,42.63
1640095787811,9865,0.0011668750178239,42.63
1640095848085,9865,0.0011665860374979,42.63
1640095909845,9865,0.0011660045216749,42.63
1640095970129,9865,0.0011653404192264,42.63
1640096030259,9865,0.0011646318023646,42.63
1640096090487,9865,0.001163987190672,42.63
1640096151872,9865,0.0011632798146172,42.63
1640096211977,9865,0.0011629964228713,42.63
1640096273107,9865,0.0011637973373505,42.63
1640096334721,9865,0.0011632227504094,42.63
1640096397740,9865,0.001162774066977,42.63
1640096459848,9865,0.0011629495650376,42.63
1640096519893,9865,0.0011622946398893,42.63
1640096579966,9865,0.0011616772253528,42.63
1640096640624,9865,0.0011630492310468,42.63
1640096700687,9865,0.0011626809205783,42.63
1640096760845,9865,0.0011642586479299,42.63
1640096820920,9865,0.0011636068130376,42.63
1640096880957,9865,0.0011633268419998,42.63
1640096941694,9865,0.001162735030519,42.63
1640097001725,9865,0.0011623293672384,42.63
1640097062057,9865,0.0011638985800036,42.63
1640097122150,9865,0.0011633891757512,42.63
1640097182190,9865,0.0011629473025771,42.63
1640097243873,9865,0.0011622761505676,42.63
1640097304486,9865,0.0011619128916127,42.63
1640097364557,9865,0.0011625303730773,42.63
1640097425142,9865,0.001162840430712,42.63
1640097485299,10062,0.0011621572473015,42.63
1640097545401,10062,0.0011624671123236,42.63
1640097605930,10062,0.0011627761633862,42.63
1640097666006,10062,0.0011620903619916,42.63
1640097726072,10062,0.0011627031782879,42.63
1640097786367,10062,0.0011621455816467,42.63
1640097846609,10062,0.0011614676278436,42.63
1640097906660,10062,0.0011608313153611,42.63
1640097966729,10062,0.0011666803438041,42.63
1640098027041,10062,0.0011660020968805,42.63
1640098087093,10062,0.0011657264381727,42.63
1640098147688,10062,0.0011651255397443,42.63
1640098208246,10062,0.0011668680717413,42.63
1640098268783,10062,0.0011662328530782,42.63
1640098329074,10062,0.0011656337242227,42.63
1640098390174,10062,0.0011657989574975,42.63
1640098451396,10062,0.0011653011753483,42.63
1640098511972,10062,0.0011648043361575,42.63
1640098572686,10062,0.0011642536984659,42.63
1640098633001,10062,0.0011637587768694,42.63
1640098695703,10062,0.0011632101286819,42.63
1640098756342,10062,0.001163314082086,42.63
1640098816531,10062,0.0011629219850241,42.63
1640098876598,10062,0.0011624303160324,42.63
1640098936801,10062,0.0011618058638871,42.63
1640098997121,10062,0.0011611429169414,42.63
1640099057214,10062,0.0011609707328265,42.63
1640099117324,10062,0.0011606210770116,42.63
1640099178477,10062,0.0011621315881511,42.63
1640099238713,10062,0.0011625742760651,42.44
1640099298996,9912,0.001161914675992,42.44
1640099359507,9912,0.0011612709538735,42.44
1640099421479,9912,0.0011607314958564,42.44
1640099481685,9912,0.0011601930166963,42.44
1640099542008,9912,0.0011597732311395,42.44
1640099602568,9912,0.0011598197352096,42.44
1640099663004,9912,0.0011622173414188,42.44
1640099723007,9912,0.0012141736642979,42.44
1640099783061,9912,0.0012198574077039,42.44
1640099843382,9912,0.0012214106153962,42.44
1640099903472,9912,0.0012212802396374,42.44
1640099963541,9912,0.0012217738649092,42.44
1640100024563,9912,0.0012219894326952,42.44
1640100084669,9912,0.0012244138145207,42.44
1640100144860,9912,0.0012237433581123,42.44
1640100204864,9912,0.0012248916484986,42.44
1640100264936,9912,0.0012298065874047,42.44
1640100324973,9912,0.0012313223414363,42.44
1640100385101,9912,0.0012365151696754,42.44
1640100445193,9912,0.0012359365476787,42.44
1640100505200,9912,0.0012362630661453,42.44
1640100565209,9912,0.0012356012218609,42.44
1640100625216,9912,0.0012356748840916,42.44
1640100685400,9912,0.0012449061019501,42.44
1640100745501,9912,0.0012443487380875,42.44
1640100805637,9912,0.0012445324869649,42.44
1640100865865,9912,0.0012449832737154,42.44
1640100925883,9912,0.0012659339207857,42.44
1640100986272,9912,0.0012722156534493,42.44
1640101046323,9912,0.0012730811519573,42.44
1640101106656,9511,0.0012725339058101,42.44
1640101168337,9511,0.0012722652790976,42.44
1640101228484,9511,0.0012728160273467,42.44
1640101288603,9511,0.0012722231573566,42.44
1640101348650,9511,0.0012736152125233,42.44
1640101409113,9511,0.0012729540792629,42.44
1640101469184,9511,0.0012732255037168,42.44
1640101529192,9511,0.001273371422917,42.44
1640101589505,9511,0.001274948187423,42.44
1640101649904,9511,0.001274460884863,42.44
1640101710208,9511,0.0012739186993128,42.44
1640101770655,9511,0.0012733303135228,42.44
1640101830715,9511,0.0012757553838199,42.44
1640101891064,9511,0.0012753336954924,42.44
1640101951142,9511,0.0012746567098498,42.44
1640102011144,9511,0.0012740320281278,42.44
1640102071189,9511,0.0012740605105653,42.44
1640102131450,9511,0.001273437539508,42.44
1640102191500,9511,0.0012728539179437,42.44
1640102252708,9511,0.0012733936489873,42.44
1640102314016,9511,0.0012727433659916,42.44
1640102374207,9511,0.0012723997327544,42.44
1640102435579,9511,0.001276185279383,42.44
1640102495728,9511,0.0012758026547209,42.44
1640102556540,9511,0.0012777511528507,42.44
1640102616547,9511,0.0012774049635335,42.44
1640102676594,9511,0.0012774294475842,42.44
1640102736681,9511,0.0012795813089367,42.44
1640102796929,9511,0.0012789121516088,42.44
1640102857694,9511,0.0012787339831144,39.83
1640102917759,10006,0.0012795595833226,39.83
1640102978141,10006,0.0012802285119208,39.83
1640103038649,10006,0.001280249775523,39.83
1640103098877,10006,0.0012805041317998,39.83
1640103162026,10006,0.0012800259582032,39.83
1640103222676,10006,0.0012797606159132,39.83
1640103284056,10006,0.0012791178216647,39.83
1640103344802,10006,0.0012792522032716,39.83
1640103405906,10006,0.0012786400848542,39.83
1640103466723,10006,0.0012779626595961,39.83
1640103527700,10006,0.0012772904522742,39.83
1640103589175,10006,0.0012772112193928,39.83
1640103649608,10006,0.001276640092619,39.83
1640103709709,10006,0.0012770243299328,39.83
1640103769803,10006,0.0012766154872211,39.83
1640103830998,10006,0.0012760465261275,39.83
1640103891609,10006,0.0012753795748469,39.83
1640103952331,10006,0.0012760438139523,39.83
1640104012462,10006,0.0012760691873205,39.83
1640104074284,10006,0.0012754043219647,39.83
1640104134626,10006,0.001274773360413,39.83
1640104195545,10006,0.0012742542326287,39.83
1640104255722,10006,0.0012749915483154,39.83
1640104315775,10006,0.0012744088645607,39.83
1640104375966,10006,0.001273944798381,39.83
1640104437069,10006,0.0012754431419445,39.83
1640104497603,10006,0.0012747793671704,39.83
1640104557876,10006,0.0012751605010877,39.83
1640104619310,10006,0.0012768426303988,39.83
1640104679575,10006,0.0012763265005865,39.83
1640104741728,10104,0.0012759249413498,39.83
1640104801810,10104,0.0012755930703635,39.83
1640104864555,10104,0.0012749698376301,39.83
1640104924670,10104,0.0012782004880312,39.83
1640104984863,10104,0.0012776053936155,39.83
1640105044907,10104,0.0012772049864135,39.83
1640105105146,10104,0.0012765632770082,39.83
1640105165976,10104,0.0012760515715161,39.83
1640105225991,10104,0.0012767739005052,39.83
1640105286572,10104,0.0012761997616447,39.83
1640105347107,10104,0.0012756094571535,39.83
1640105407606,10104,0.0012749718736852,39.83
1640105467699,10104,0.00127432322938,39.83
1640105527729,10104,0.0012738160628454,39.83
1640105588937,10104,0.0012741918466636,39.83
1640105650696,10104,0.0012735576074885,39.83
1640105711101,10104,0.0012729723938861,39.83
1640105772322,10104,0.0012723240758436,39.83
1640105832368,10104,0.0012716807471553,39.83
1640105893248,10104,0.0012710983663393,39.83
1640105953301,10104,0.0012708524658069,39.83
1640106013443,10104,0.0012702118460612,39.83
1640106073918,10104,0.0012697637176588,39.83
1640106133920,10104,0.001269264506974,39.83
1640106194067,10104,0.0012687222778852,39.83
1640106254643,10104,0.001268180913073,39.83
1640106314670,10104,0.0012683208346695,39.83
1640106375120,10104,0.001267717182513,39.83
1640106435317,10104,0.0012683655856304,39.83
1640106495653,10104,0.00126804877119,38.99
1640106555854,10035,0.0012679356466398,38.99
1640106616448,10035,0.0012673474972219,38.99
1640106676947,10035,0.0012667473887245,38.99
1640106737188,10035,0.0012685833071637,38.99
1640106797253,10035,0.0012685165092083,38.99
1640106858294,10035,0.001267886035888,38.99
1640106918541,10035,0.0012672565095271,38.99
1640106979786,10035,0.0012697088952365,38.99
1640107040020,10035,0.0012696413008804,38.99
1640107100144,10035,0.0012692599876836,38.99
1640107160241,10035,0.001268628357892,38.99
1640107220357,10035,0.001268095659009,38.99
1640107280726,10035,0.0012677831365931,38.99
1640107341096,10035,0.0012671893501787,38.99
1640107401916,10035,0.0012665964632015,38.99
1640107461949,10035,0.0012665322579374,38.99
1640107524127,10035,0.001266003392379,38.99
1640107585101,10035,0.0012653777420357,38.99
1640107645430,10035,0.0012647686286853,38.99
1640107706937,10035,0.0012641448216788,38.99
1640107768868,10035,0.0012635219367818,38.99
1640107828904,10035,0.0012631493418604,38.99
1640107890238,10035,0.0012625320658525,38.99
1640107950713,10035,0.0012623009676021,38.99
1640108011053,10035,0.0012619303094807,38.99
1640108071208,10035,0.0012618710819457,38.99
1640108133451,10035,0.0012612568549128,38.99
1640108193655,10035,0.0012607017428956,38.99
1640108253897,10035,0.0012602754590362,38.99
1640108314525,10035,0.0012596754449311,38.99
1640108375241,10005,0.0012591228073156,38.99
1640108435957,10005,0.0012596276407622,38.99
1640108497609,10005,0.0012590181024427,38.99
1640108558596,10005,0.0012584094556131,38.99
1640108621148,10005,0.0012578132875263,38.99
1640108683652,10005,0.0012572179951697,38.99
1640108743812,10005,0.0012569940125647,38.99
1640108803919,10005,0.0012564812593265,38.99
1640108869529,10005,0.0012558767951854,38.99
1640108929729,10005,0.0012560241684771,38.99
1640108991622,10005,0.0012560674002654,38.99
